dataset,url
sbu_captions,hf://sbu_captions?key=image_url&split=train
conceptual_captions,hf://conceptual_captions?key=image_url&split=train
conceptual_captions,hf://conceptual_captions?key=image_url&split=validation
nlvr,https://github.com/lil-lab/nlvr/raw/master/nlvr2/data/train.json
nlvr,https://github.com/lil-lab/nlvr/raw/master/nlvr2/data/balanced/balanced_dev.json
nlvr,https://github.com/lil-lab/nlvr/raw/master/nlvr2/data/balanced/balanced_test1.json
nlvr,https://lil.nlp.cornell.edu/resources/NLVR2/train_img.zip
nlvr,https://lil.nlp.cornell.edu/resources/NLVR2/dev_img.zip
nlvr,https://lil.nlp.cornell.edu/resources/NLVR2/test1_img.zip
coco,http://images.cocodataset.org/zips/train2017.zip
coco,http://images.cocodataset.org/zips/val2017.zip
coco,http://images.cocodataset.org/annotations/annotations_trainval2017.zip
visual_genome,http://visualgenome.org/static/data/dataset/region_descriptions.json.zip
visual_genome,http://visualgenome.org/static/data/dataset/image_data.json.zip
visual_genome,https://cs.stanford.edu/people/rak248/VG_100K_2/images.zip
visual_genome,https://cs.stanford.edu/people/rak248/VG_100K_2/images2.zip
gqa,https://downloads.cs.stanford.edu/nlp/data/gqa/sceneGraphs.zip
gqa,https://downloads.cs.stanford.edu/nlp/data/gqa/questions1.2.zip
gqa,https://downloads.cs.stanford.edu/nlp/data/gqa/images.zip
epic_kitchens,https://data.bris.ac.uk/datasets/3h91syskeag572hl6tvuovwv4d/frames_rgb_flow/rgb/train/P01/P01_01.tar
epic_kitchens,https://data.bris.ac.uk/datasets/3h91syskeag572hl6tvuovwv4d/frames_rgb_flow/rgb/train/P01/P01_02.tar
epic_kitchens,https://data.bris.ac.uk/datasets/3h91syskeag572hl6tvuovwv4d/frames_rgb_flow/rgb/train/P01/P01_03.tar
epic_kitchens,https://data.bris.ac.uk/datasets/3h91syskeag572hl6tvuovwv4d/frames_rgb_flow/rgb/train/P01/P01_04.tar
epic_kitchens,https://data.bris.ac.uk/datasets/3h91syskeag572hl6tvuovwv4d/frames_rgb_flow/rgb/train/P01/P01_05.tar
epic_kitchens,https://data.bris.ac.uk/datasets/3h91syskeag572hl6tvuovwv4d/frames_rgb_flow/rgb/train/P01/P01_06.tar
epic_kitchens,https://data.bris.ac.uk/datasets/3h91syskeag572hl6tvuovwv4d/frames_rgb_flow/rgb/train/P01/P01_07.tar
epic_kitchens,https://data.bris.ac.uk/datasets/3h91syskeag572hl6tvuovwv4d/frames_rgb_flow/rgb/train/P01/P01_08.tar
epic_kitchens,https://data.bris.ac.uk/datasets/3h91syskeag572hl6tvuovwv4d/frames_rgb_flow/rgb/train/P01/P01_09.tar
epic_kitchens,https://data.bris.ac.uk/datasets/3h91syskeag572hl6tvuovwv4d/frames_rgb_flow/rgb/train/P01/P01_10.tar
epic_kitchens,https://data.bris.ac.uk/datasets/2g1n6qdydwa9u22shpxqzp0t8m/P01/rgb_frames/P01_101.tar
epic_kitchens,https://data.bris.ac.uk/datasets/2g1n6qdydwa9u22shpxqzp0t8m/P01/rgb_frames/P01_102.tar
epic_kitchens,https://data.bris.ac.uk/datasets/2g1n6qdydwa9u22shpxqzp0t8m/P01/rgb_frames/P01_103.tar
epic_kitchens,https://data.bris.ac.uk/datasets/2g1n6qdydwa9u22shpxqzp0t8m/P01/rgb_frames/P01_104.tar
epic_kitchens,https://data.bris.ac.uk/datasets/2g1n6qdydwa9u22shpxqzp0t8m/P01/rgb_frames/P01_105.tar
epic_kitchens,https://data.bris.ac.uk/datasets/2g1n6qdydwa9u22shpxqzp0t8m/P01/rgb_frames/P01_106.tar
epic_kitchens,https://data.bris.ac.uk/datasets/2g1n6qdydwa9u22shpxqzp0t8m/P01/rgb_frames/P01_107.tar
epic_kitchens,https://data.bris.ac.uk/datasets/2g1n6qdydwa9u22shpxqzp0t8m/P01/rgb_frames/P01_108.tar
epic_kitchens,https://www.dropbox.com/s/mh7y0goc5x945nu/P01_109.tar?dl=1
epic_kitchens,https://data.bris.ac.uk/datasets/3h91syskeag572hl6tvuovwv4d/frames_rgb_flow/rgb/test/P01/P01_11.tar
epic_kitchens,https://data.bris.ac.uk/datasets/3h91syskeag572hl6tvuovwv4d/frames_rgb_flow/rgb/test/P01/P01_12.tar
epic_kitchens,https://data.bris.ac.uk/datasets/3h91syskeag572hl6tvuovwv4d/frames_rgb_flow/rgb/test/P01/P01_13.tar
epic_kitchens,https://data.bris.ac.uk/datasets/3h91syskeag572hl6tvuovwv4d/frames_rgb_flow/rgb/test/P01/P01_14.tar
epic_kitchens,https://data.bris.ac.uk/datasets/3h91syskeag572hl6tvuovwv4d/frames_rgb_flow/rgb/test/P01/P01_15.tar
epic_kitchens,https://data.bris.ac.uk/datasets/3h91syskeag572hl6tvuovwv4d/frames_rgb_flow/rgb/train/P01/P01_16.tar
epic_kitchens,https://data.bris.ac.uk/datasets/3h91syskeag572hl6tvuovwv4d/frames_rgb_flow/rgb/train/P01/P01_17.tar
epic_kitchens,https://data.bris.ac.uk/datasets/3h91syskeag572hl6tvuovwv4d/frames_rgb_flow/rgb/train/P01/P01_18.tar
epic_kitchens,https://data.bris.ac.uk/datasets/3h91syskeag572hl6tvuovwv4d/frames_rgb_flow/rgb/train/P01/P01_19.tar
epic_kitchens,https://data.bris.ac.uk/datasets/3h91syskeag572hl6tvuovwv4d/frames_rgb_flow/rgb/train/P02/P02_01.tar
epic_kitchens,https://data.bris.ac.uk/datasets/3h91syskeag572hl6tvuovwv4d/frames_rgb_flow/rgb/train/P02/P02_02.tar
epic_kitchens,https://data.bris.ac.uk/datasets/3h91syskeag572hl6tvuovwv4d/frames_rgb_flow/rgb/train/P02/P02_03.tar
epic_kitchens,https://data.bris.ac.uk/datasets/3h91syskeag572hl6tvuovwv4d/frames_rgb_flow/rgb/train/P02/P02_04.tar
epic_kitchens,https://data.bris.ac.uk/datasets/3h91syskeag572hl6tvuovwv4d/frames_rgb_flow/rgb/train/P02/P02_05.tar
epic_kitchens,https://data.bris.ac.uk/datasets/3h91syskeag572hl6tvuovwv4d/frames_rgb_flow/rgb/train/P02/P02_06.tar
epic_kitchens,https://data.bris.ac.uk/datasets/3h91syskeag572hl6tvuovwv4d/frames_rgb_flow/rgb/train/P02/P02_07.tar
epic_kitchens,https://data.bris.ac.uk/datasets/3h91syskeag572hl6tvuovwv4d/frames_rgb_flow/rgb/train/P02/P02_08.tar
epic_kitchens,https://data.bris.ac.uk/datasets/3h91syskeag572hl6tvuovwv4d/frames_rgb_flow/rgb/train/P02/P02_09.tar
epic_kitchens,https://data.bris.ac.uk/datasets/3h91syskeag572hl6tvuovwv4d/frames_rgb_flow/rgb/train/P02/P02_10.tar
epic_kitchens,https://data.bris.ac.uk/datasets/2g1n6qdydwa9u22shpxqzp0t8m/P02/rgb_frames/P02_101.tar
epic_kitchens,https://data.bris.ac.uk/datasets/2g1n6qdydwa9u22shpxqzp0t8m/P02/rgb_frames/P02_102.tar
epic_kitchens,https://data.bris.ac.uk/datasets/2g1n6qdydwa9u22shpxqzp0t8m/P02/rgb_frames/P02_103.tar
epic_kitchens,https://data.bris.ac.uk/datasets/2g1n6qdydwa9u22shpxqzp0t8m/P02/rgb_frames/P02_104.tar
epic_kitchens,https://data.bris.ac.uk/datasets/2g1n6qdydwa9u22shpxqzp0t8m/P02/rgb_frames/P02_105.tar
epic_kitchens,https://data.bris.ac.uk/datasets/2g1n6qdydwa9u22shpxqzp0t8m/P02/rgb_frames/P02_106.tar
epic_kitchens,https://data.bris.ac.uk/datasets/2g1n6qdydwa9u22shpxqzp0t8m/P02/rgb_frames/P02_107.tar
epic_kitchens,https://data.bris.ac.uk/datasets/2g1n6qdydwa9u22shpxqzp0t8m/P02/rgb_frames/P02_108.tar
epic_kitchens,https://data.bris.ac.uk/datasets/2g1n6qdydwa9u22shpxqzp0t8m/P02/rgb_frames/P02_109.tar
epic_kitchens,https://data.bris.ac.uk/datasets/3h91syskeag572hl6tvuovwv4d/frames_rgb_flow/rgb/train/P02/P02_11.tar
epic_kitchens,https://data.bris.ac.uk/datasets/2g1n6qdydwa9u22shpxqzp0t8m/P02/rgb_frames/P02_110.tar
epic_kitchens,https://data.bris.ac.uk/datasets/2g1n6qdydwa9u22shpxqzp0t8m/P02/rgb_frames/P02_111.tar
epic_kitchens,https://data.bris.ac.uk/datasets/2g1n6qdydwa9u22shpxqzp0t8m/P02/rgb_frames/P02_112.tar
epic_kitchens,https://data.bris.ac.uk/datasets/2g1n6qdydwa9u22shpxqzp0t8m/P02/rgb_frames/P02_113.tar
epic_kitchens,https://data.bris.ac.uk/datasets/2g1n6qdydwa9u22shpxqzp0t8m/P02/rgb_frames/P02_114.tar
epic_kitchens,https://data.bris.ac.uk/datasets/2g1n6qdydwa9u22shpxqzp0t8m/P02/rgb_frames/P02_115.tar
epic_kitchens,https://data.bris.ac.uk/datasets/2g1n6qdydwa9u22shpxqzp0t8m/P02/rgb_frames/P02_116.tar
epic_kitchens,https://data.bris.ac.uk/datasets/2g1n6qdydwa9u22shpxqzp0t8m/P02/rgb_frames/P02_117.tar
epic_kitchens,https://data.bris.ac.uk/datasets/2g1n6qdydwa9u22shpxqzp0t8m/P02/rgb_frames/P02_118.tar
epic_kitchens,https://data.bris.ac.uk/datasets/2g1n6qdydwa9u22shpxqzp0t8m/P02/rgb_frames/P02_119.tar
epic_kitchens,https://data.bris.ac.uk/datasets/3h91syskeag572hl6tvuovwv4d/frames_rgb_flow/rgb/test/P02/P02_12.tar
epic_kitchens,https://data.bris.ac.uk/datasets/2g1n6qdydwa9u22shpxqzp0t8m/P02/rgb_frames/P02_120.tar
epic_kitchens,https://data.bris.ac.uk/datasets/2g1n6qdydwa9u22shpxqzp0t8m/P02/rgb_frames/P02_121.tar
epic_kitchens,https://data.bris.ac.uk/datasets/2g1n6qdydwa9u22shpxqzp0t8m/P02/rgb_frames/P02_122.tar
epic_kitchens,https://data.bris.ac.uk/datasets/2g1n6qdydwa9u22shpxqzp0t8m/P02/rgb_frames/P02_123.tar
epic_kitchens,https://data.bris.ac.uk/datasets/2g1n6qdydwa9u22shpxqzp0t8m/P02/rgb_frames/P02_124.tar
epic_kitchens,https://data.bris.ac.uk/datasets/2g1n6qdydwa9u22shpxqzp0t8m/P02/rgb_frames/P02_125.tar
epic_kitchens,https://data.bris.ac.uk/datasets/2g1n6qdydwa9u22shpxqzp0t8m/P02/rgb_frames/P02_126.tar
epic_kitchens,https://data.bris.ac.uk/datasets/2g1n6qdydwa9u22shpxqzp0t8m/P02/rgb_frames/P02_127.tar
epic_kitchens,https://data.bris.ac.uk/datasets/2g1n6qdydwa9u22shpxqzp0t8m/P02/rgb_frames/P02_128.tar
epic_kitchens,https://data.bris.ac.uk/datasets/2g1n6qdydwa9u22shpxqzp0t8m/P02/rgb_frames/P02_129.tar
epic_kitchens,https://data.bris.ac.uk/datasets/3h91syskeag572hl6tvuovwv4d/frames_rgb_flow/rgb/test/P02/P02_13.tar
epic_kitchens,https://data.bris.ac.uk/datasets/2g1n6qdydwa9u22shpxqzp0t8m/P02/rgb_frames/P02_130.tar
epic_kitchens,https://data.bris.ac.uk/datasets/2g1n6qdydwa9u22shpxqzp0t8m/P02/rgb_frames/P02_131.tar
epic_kitchens,https://data.bris.ac.uk/datasets/2g1n6qdydwa9u22shpxqzp0t8m/P02/rgb_frames/P02_132.tar
epic_kitchens,https://data.bris.ac.uk/datasets/2g1n6qdydwa9u22shpxqzp0t8m/P02/rgb_frames/P02_133.tar
epic_kitchens,https://data.bris.ac.uk/datasets/2g1n6qdydwa9u22shpxqzp0t8m/P02/rgb_frames/P02_134.tar
epic_kitchens,https://data.bris.ac.uk/datasets/2g1n6qdydwa9u22shpxqzp0t8m/P02/rgb_frames/P02_135.tar
epic_kitchens,https://data.bris.ac.uk/datasets/2g1n6qdydwa9u22shpxqzp0t8m/P02/rgb_frames/P02_136.tar
epic_kitchens,https://data.bris.ac.uk/datasets/2g1n6qdydwa9u22shpxqzp0t8m/P02/rgb_frames/P02_137.tar
epic_kitchens,https://data.bris.ac.uk/datasets/3h91syskeag572hl6tvuovwv4d/frames_rgb_flow/rgb/test/P02/P02_14.tar
epic_kitchens,https://data.bris.ac.uk/datasets/3h91syskeag572hl6tvuovwv4d/frames_rgb_flow/rgb/test/P02/P02_15.tar
epic_kitchens,https://data.bris.ac.uk/datasets/3h91syskeag572hl6tvuovwv4d/frames_rgb_flow/rgb/train/P03/P03_02.tar
epic_kitchens,https://data.bris.ac.uk/datasets/3h91syskeag572hl6tvuovwv4d/frames_rgb_flow/rgb/train/P03/P03_03.tar
epic_kitchens,https://data.bris.ac.uk/datasets/3h91syskeag572hl6tvuovwv4d/frames_rgb_flow/rgb/train/P03/P03_04.tar
epic_kitchens,https://data.bris.ac.uk/datasets/3h91syskeag572hl6tvuovwv4d/frames_rgb_flow/rgb/train/P03/P03_05.tar
epic_kitchens,https://data.bris.ac.uk/datasets/3h91syskeag572hl6tvuovwv4d/frames_rgb_flow/rgb/train/P03/P03_06.tar
epic_kitchens,https://data.bris.ac.uk/datasets/3h91syskeag572hl6tvuovwv4d/frames_rgb_flow/rgb/train/P03/P03_07.tar
epic_kitchens,https://data.bris.ac.uk/datasets/3h91syskeag572hl6tvuovwv4d/frames_rgb_flow/rgb/train/P03/P03_08.tar
epic_kitchens,https://data.bris.ac.uk/datasets/3h91syskeag572hl6tvuovwv4d/frames_rgb_flow/rgb/train/P03/P03_09.tar
epic_kitchens,https://data.bris.ac.uk/datasets/3h91syskeag572hl6tvuovwv4d/frames_rgb_flow/rgb/train/P03/P03_10.tar
epic_kitchens,https://data.bris.ac.uk/datasets/2g1n6qdydwa9u22shpxqzp0t8m/P03/rgb_frames/P03_101.tar
epic_kitchens,https://data.bris.ac.uk/datasets/2g1n6qdydwa9u22shpxqzp0t8m/P03/rgb_frames/P03_102.tar
epic_kitchens,https://data.bris.ac.uk/datasets/2g1n6qdydwa9u22shpxqzp0t8m/P03/rgb_frames/P03_103.tar
epic_kitchens,https://data.bris.ac.uk/datasets/2g1n6qdydwa9u22shpxqzp0t8m/P03/rgb_frames/P03_104.tar
epic_kitchens,https://data.bris.ac.uk/datasets/2g1n6qdydwa9u22shpxqzp0t8m/P03/rgb_frames/P03_105.tar
epic_kitchens,https://data.bris.ac.uk/datasets/2g1n6qdydwa9u22shpxqzp0t8m/P03/rgb_frames/P03_106.tar
epic_kitchens,https://data.bris.ac.uk/datasets/2g1n6qdydwa9u22shpxqzp0t8m/P03/rgb_frames/P03_107.tar
epic_kitchens,https://data.bris.ac.uk/datasets/2g1n6qdydwa9u22shpxqzp0t8m/P03/rgb_frames/P03_108.tar
epic_kitchens,https://data.bris.ac.uk/datasets/2g1n6qdydwa9u22shpxqzp0t8m/P03/rgb_frames/P03_109.tar
epic_kitchens,https://data.bris.ac.uk/datasets/3h91syskeag572hl6tvuovwv4d/frames_rgb_flow/rgb/train/P03/P03_11.tar
epic_kitchens,https://data.bris.ac.uk/datasets/2g1n6qdydwa9u22shpxqzp0t8m/P03/rgb_frames/P03_110.tar
epic_kitchens,https://data.bris.ac.uk/datasets/2g1n6qdydwa9u22shpxqzp0t8m/P03/rgb_frames/P03_111.tar
epic_kitchens,https://data.bris.ac.uk/datasets/2g1n6qdydwa9u22shpxqzp0t8m/P03/rgb_frames/P03_112.tar
epic_kitchens,https://data.bris.ac.uk/datasets/2g1n6qdydwa9u22shpxqzp0t8m/P03/rgb_frames/P03_113.tar
epic_kitchens,https://data.bris.ac.uk/datasets/2g1n6qdydwa9u22shpxqzp0t8m/P03/rgb_frames/P03_114.tar
epic_kitchens,https://data.bris.ac.uk/datasets/2g1n6qdydwa9u22shpxqzp0t8m/P03/rgb_frames/P03_115.tar
epic_kitchens,https://data.bris.ac.uk/datasets/2g1n6qdydwa9u22shpxqzp0t8m/P03/rgb_frames/P03_116.tar
epic_kitchens,https://data.bris.ac.uk/datasets/2g1n6qdydwa9u22shpxqzp0t8m/P03/rgb_frames/P03_117.tar
epic_kitchens,https://data.bris.ac.uk/datasets/2g1n6qdydwa9u22shpxqzp0t8m/P03/rgb_frames/P03_118.tar
epic_kitchens,https://data.bris.ac.uk/datasets/2g1n6qdydwa9u22shpxqzp0t8m/P03/rgb_frames/P03_119.tar
epic_kitchens,https://data.bris.ac.uk/datasets/3h91syskeag572hl6tvuovwv4d/frames_rgb_flow/rgb/train/P03/P03_12.tar
epic_kitchens,https://data.bris.ac.uk/datasets/2g1n6qdydwa9u22shpxqzp0t8m/P03/rgb_frames/P03_120.tar
epic_kitchens,https://data.bris.ac.uk/datasets/2g1n6qdydwa9u22shpxqzp0t8m/P03/rgb_frames/P03_121.tar
epic_kitchens,https://data.bris.ac.uk/datasets/2g1n6qdydwa9u22shpxqzp0t8m/P03/rgb_frames/P03_122.tar
epic_kitchens,https://data.bris.ac.uk/datasets/2g1n6qdydwa9u22shpxqzp0t8m/P03/rgb_frames/P03_123.tar
epic_kitchens,https://data.bris.ac.uk/datasets/3h91syskeag572hl6tvuovwv4d/frames_rgb_flow/rgb/train/P03/P03_13.tar
epic_kitchens,https://data.bris.ac.uk/datasets/3h91syskeag572hl6tvuovwv4d/frames_rgb_flow/rgb/train/P03/P03_14.tar
epic_kitchens,https://data.bris.ac.uk/datasets/3h91syskeag572hl6tvuovwv4d/frames_rgb_flow/rgb/train/P03/P03_15.tar
epic_kitchens,https://data.bris.ac.uk/datasets/3h91syskeag572hl6tvuovwv4d/frames_rgb_flow/rgb/train/P03/P03_16.tar
epic_kitchens,https://data.bris.ac.uk/datasets/3h91syskeag572hl6tvuovwv4d/frames_rgb_flow/rgb/train/P03/P03_17.tar
epic_kitchens,https://data.bris.ac.uk/datasets/3h91syskeag572hl6tvuovwv4d/frames_rgb_flow/rgb/train/P03/P03_18.tar
epic_kitchens,https://data.bris.ac.uk/datasets/3h91syskeag572hl6tvuovwv4d/frames_rgb_flow/rgb/train/P03/P03_19.tar
epic_kitchens,https://data.bris.ac.uk/datasets/3h91syskeag572hl6tvuovwv4d/frames_rgb_flow/rgb/train/P03/P03_20.tar
epic_kitchens,https://data.bris.ac.uk/datasets/3h91syskeag572hl6tvuovwv4d/frames_rgb_flow/rgb/test/P03/P03_21.tar
epic_kitchens,https://data.bris.ac.uk/datasets/3h91syskeag572hl6tvuovwv4d/frames_rgb_flow/rgb/test/P03/P03_22.tar
epic_kitchens,https://data.bris.ac.uk/datasets/3h91syskeag572hl6tvuovwv4d/frames_rgb_flow/rgb/test/P03/P03_23.tar
epic_kitchens,https://data.bris.ac.uk/datasets/3h91syskeag572hl6tvuovwv4d/frames_rgb_flow/rgb/test/P03/P03_24.tar
epic_kitchens,https://data.bris.ac.uk/datasets/3h91syskeag572hl6tvuovwv4d/frames_rgb_flow/rgb/test/P03/P03_25.tar
epic_kitchens,https://data.bris.ac.uk/datasets/3h91syskeag572hl6tvuovwv4d/frames_rgb_flow/rgb/test/P03/P03_26.tar
epic_kitchens,https://data.bris.ac.uk/datasets/3h91syskeag572hl6tvuovwv4d/frames_rgb_flow/rgb/train/P03/P03_27.tar
epic_kitchens,https://data.bris.ac.uk/datasets/3h91syskeag572hl6tvuovwv4d/frames_rgb_flow/rgb/train/P03/P03_28.tar
epic_kitchens,https://data.bris.ac.uk/datasets/3h91syskeag572hl6tvuovwv4d/frames_rgb_flow/rgb/train/P04/P04_01.tar
epic_kitchens,https://data.bris.ac.uk/datasets/3h91syskeag572hl6tvuovwv4d/frames_rgb_flow/rgb/train/P04/P04_02.tar
epic_kitchens,https://data.bris.ac.uk/datasets/3h91syskeag572hl6tvuovwv4d/frames_rgb_flow/rgb/train/P04/P04_03.tar
epic_kitchens,https://data.bris.ac.uk/datasets/3h91syskeag572hl6tvuovwv4d/frames_rgb_flow/rgb/train/P04/P04_04.tar
epic_kitchens,https://data.bris.ac.uk/datasets/3h91syskeag572hl6tvuovwv4d/frames_rgb_flow/rgb/train/P04/P04_05.tar
epic_kitchens,https://data.bris.ac.uk/datasets/3h91syskeag572hl6tvuovwv4d/frames_rgb_flow/rgb/train/P04/P04_06.tar
epic_kitchens,https://data.bris.ac.uk/datasets/3h91syskeag572hl6tvuovwv4d/frames_rgb_flow/rgb/train/P04/P04_07.tar
epic_kitchens,https://data.bris.ac.uk/datasets/3h91syskeag572hl6tvuovwv4d/frames_rgb_flow/rgb/train/P04/P04_08.tar
epic_kitchens,https://data.bris.ac.uk/datasets/3h91syskeag572hl6tvuovwv4d/frames_rgb_flow/rgb/train/P04/P04_09.tar
epic_kitchens,https://data.bris.ac.uk/datasets/3h91syskeag572hl6tvuovwv4d/frames_rgb_flow/rgb/train/P04/P04_10.tar
epic_kitchens,https://data.bris.ac.uk/datasets/2g1n6qdydwa9u22shpxqzp0t8m/P04/rgb_frames/P04_101.tar
epic_kitchens,https://data.bris.ac.uk/datasets/2g1n6qdydwa9u22shpxqzp0t8m/P04/rgb_frames/P04_102.tar
epic_kitchens,https://data.bris.ac.uk/datasets/2g1n6qdydwa9u22shpxqzp0t8m/P04/rgb_frames/P04_103.tar
epic_kitchens,https://data.bris.ac.uk/datasets/2g1n6qdydwa9u22shpxqzp0t8m/P04/rgb_frames/P04_104.tar
epic_kitchens,https://data.bris.ac.uk/datasets/2g1n6qdydwa9u22shpxqzp0t8m/P04/rgb_frames/P04_105.tar
epic_kitchens,https://data.bris.ac.uk/datasets/2g1n6qdydwa9u22shpxqzp0t8m/P04/rgb_frames/P04_106.tar
epic_kitchens,https://data.bris.ac.uk/datasets/2g1n6qdydwa9u22shpxqzp0t8m/P04/rgb_frames/P04_107.tar
epic_kitchens,https://data.bris.ac.uk/datasets/2g1n6qdydwa9u22shpxqzp0t8m/P04/rgb_frames/P04_108.tar
epic_kitchens,https://data.bris.ac.uk/datasets/2g1n6qdydwa9u22shpxqzp0t8m/P04/rgb_frames/P04_109.tar
epic_kitchens,https://data.bris.ac.uk/datasets/3h91syskeag572hl6tvuovwv4d/frames_rgb_flow/rgb/train/P04/P04_11.tar
epic_kitchens,https://data.bris.ac.uk/datasets/2g1n6qdydwa9u22shpxqzp0t8m/P04/rgb_frames/P04_110.tar
epic_kitchens,https://data.bris.ac.uk/datasets/2g1n6qdydwa9u22shpxqzp0t8m/P04/rgb_frames/P04_111.tar
epic_kitchens,https://data.bris.ac.uk/datasets/2g1n6qdydwa9u22shpxqzp0t8m/P04/rgb_frames/P04_112.tar
epic_kitchens,https://data.bris.ac.uk/datasets/2g1n6qdydwa9u22shpxqzp0t8m/P04/rgb_frames/P04_113.tar
epic_kitchens,https://data.bris.ac.uk/datasets/2g1n6qdydwa9u22shpxqzp0t8m/P04/rgb_frames/P04_114.tar
epic_kitchens,https://data.bris.ac.uk/datasets/2g1n6qdydwa9u22shpxqzp0t8m/P04/rgb_frames/P04_115.tar
epic_kitchens,https://data.bris.ac.uk/datasets/2g1n6qdydwa9u22shpxqzp0t8m/P04/rgb_frames/P04_116.tar
epic_kitchens,https://data.bris.ac.uk/datasets/2g1n6qdydwa9u22shpxqzp0t8m/P04/rgb_frames/P04_117.tar
epic_kitchens,https://data.bris.ac.uk/datasets/2g1n6qdydwa9u22shpxqzp0t8m/P04/rgb_frames/P04_118.tar
epic_kitchens,https://data.bris.ac.uk/datasets/2g1n6qdydwa9u22shpxqzp0t8m/P04/rgb_frames/P04_119.tar
epic_kitchens,https://data.bris.ac.uk/datasets/3h91syskeag572hl6tvuovwv4d/frames_rgb_flow/rgb/train/P04/P04_12.tar
epic_kitchens,https://data.bris.ac.uk/datasets/2g1n6qdydwa9u22shpxqzp0t8m/P04/rgb_frames/P04_120.tar
epic_kitchens,https://data.bris.ac.uk/datasets/2g1n6qdydwa9u22shpxqzp0t8m/P04/rgb_frames/P04_121.tar
epic_kitchens,https://data.bris.ac.uk/datasets/2g1n6qdydwa9u22shpxqzp0t8m/P04/rgb_frames/P04_122.tar
epic_kitchens,https://data.bris.ac.uk/datasets/2g1n6qdydwa9u22shpxqzp0t8m/P04/rgb_frames/P04_123.tar
epic_kitchens,https://data.bris.ac.uk/datasets/3h91syskeag572hl6tvuovwv4d/frames_rgb_flow/rgb/train/P04/P04_13.tar
epic_kitchens,https://data.bris.ac.uk/datasets/3h91syskeag572hl6tvuovwv4d/frames_rgb_flow/rgb/train/P04/P04_14.tar
epic_kitchens,https://data.bris.ac.uk/datasets/3h91syskeag572hl6tvuovwv4d/frames_rgb_flow/rgb/train/P04/P04_15.tar
epic_kitchens,https://data.bris.ac.uk/datasets/3h91syskeag572hl6tvuovwv4d/frames_rgb_flow/rgb/train/P04/P04_16.tar
epic_kitchens,https://data.bris.ac.uk/datasets/3h91syskeag572hl6tvuovwv4d/frames_rgb_flow/rgb/train/P04/P04_17.tar
epic_kitchens,https://data.bris.ac.uk/datasets/3h91syskeag572hl6tvuovwv4d/frames_rgb_flow/rgb/train/P04/P04_18.tar
epic_kitchens,https://data.bris.ac.uk/datasets/3h91syskeag572hl6tvuovwv4d/frames_rgb_flow/rgb/train/P04/P04_19.tar
epic_kitchens,https://data.bris.ac.uk/datasets/3h91syskeag572hl6tvuovwv4d/frames_rgb_flow/rgb/train/P04/P04_20.tar
epic_kitchens,https://data.bris.ac.uk/datasets/3h91syskeag572hl6tvuovwv4d/frames_rgb_flow/rgb/train/P04/P04_21.tar
epic_kitchens,https://data.bris.ac.uk/datasets/3h91syskeag572hl6tvuovwv4d/frames_rgb_flow/rgb/train/P04/P04_22.tar
epic_kitchens,https://data.bris.ac.uk/datasets/3h91syskeag572hl6tvuovwv4d/frames_rgb_flow/rgb/train/P04/P04_23.tar
epic_kitchens,https://data.bris.ac.uk/datasets/3h91syskeag572hl6tvuovwv4d/frames_rgb_flow/rgb/test/P04/P04_24.tar
epic_kitchens,https://data.bris.ac.uk/datasets/3h91syskeag572hl6tvuovwv4d/frames_rgb_flow/rgb/test/P04/P04_25.tar
epic_kitchens,https://data.bris.ac.uk/datasets/3h91syskeag572hl6tvuovwv4d/frames_rgb_flow/rgb/test/P04/P04_26.tar
epic_kitchens,https://data.bris.ac.uk/datasets/3h91syskeag572hl6tvuovwv4d/frames_rgb_flow/rgb/test/P04/P04_27.tar
epic_kitchens,https://data.bris.ac.uk/datasets/3h91syskeag572hl6tvuovwv4d/frames_rgb_flow/rgb/test/P04/P04_28.tar
epic_kitchens,https://data.bris.ac.uk/datasets/3h91syskeag572hl6tvuovwv4d/frames_rgb_flow/rgb/test/P04/P04_29.tar
epic_kitchens,https://data.bris.ac.uk/datasets/3h91syskeag572hl6tvuovwv4d/frames_rgb_flow/rgb/test/P04/P04_30.tar
epic_kitchens,https://data.bris.ac.uk/datasets/3h91syskeag572hl6tvuovwv4d/frames_rgb_flow/rgb/test/P04/P04_31.tar
epic_kitchens,https://data.bris.ac.uk/datasets/3h91syskeag572hl6tvuovwv4d/frames_rgb_flow/rgb/test/P04/P04_32.tar
epic_kitchens,https://data.bris.ac.uk/datasets/3h91syskeag572hl6tvuovwv4d/frames_rgb_flow/rgb/test/P04/P04_33.tar
epic_kitchens,https://data.bris.ac.uk/datasets/3h91syskeag572hl6tvuovwv4d/frames_rgb_flow/rgb/train/P05/P05_01.tar
epic_kitchens,https://data.bris.ac.uk/datasets/3h91syskeag572hl6tvuovwv4d/frames_rgb_flow/rgb/train/P05/P05_02.tar
epic_kitchens,https://data.bris.ac.uk/datasets/3h91syskeag572hl6tvuovwv4d/frames_rgb_flow/rgb/train/P05/P05_03.tar
epic_kitchens,https://data.bris.ac.uk/datasets/3h91syskeag572hl6tvuovwv4d/frames_rgb_flow/rgb/train/P05/P05_04.tar
epic_kitchens,https://data.bris.ac.uk/datasets/3h91syskeag572hl6tvuovwv4d/frames_rgb_flow/rgb/train/P05/P05_05.tar
epic_kitchens,https://data.bris.ac.uk/datasets/3h91syskeag572hl6tvuovwv4d/frames_rgb_flow/rgb/train/P05/P05_06.tar
epic_kitchens,https://data.bris.ac.uk/datasets/3h91syskeag572hl6tvuovwv4d/frames_rgb_flow/rgb/test/P05/P05_07.tar
epic_kitchens,https://data.bris.ac.uk/datasets/3h91syskeag572hl6tvuovwv4d/frames_rgb_flow/rgb/train/P05/P05_08.tar
epic_kitchens,https://data.bris.ac.uk/datasets/3h91syskeag572hl6tvuovwv4d/frames_rgb_flow/rgb/test/P05/P05_09.tar
epic_kitchens,https://data.bris.ac.uk/datasets/3h91syskeag572hl6tvuovwv4d/frames_rgb_flow/rgb/train/P06/P06_01.tar
epic_kitchens,https://data.bris.ac.uk/datasets/3h91syskeag572hl6tvuovwv4d/frames_rgb_flow/rgb/train/P06/P06_02.tar
epic_kitchens,https://data.bris.ac.uk/datasets/3h91syskeag572hl6tvuovwv4d/frames_rgb_flow/rgb/train/P06/P06_03.tar
epic_kitchens,https://data.bris.ac.uk/datasets/3h91syskeag572hl6tvuovwv4d/frames_rgb_flow/rgb/train/P06/P06_05.tar
epic_kitchens,https://data.bris.ac.uk/datasets/3h91syskeag572hl6tvuovwv4d/frames_rgb_flow/rgb/train/P06/P06_07.tar
epic_kitchens,https://data.bris.ac.uk/datasets/3h91syskeag572hl6tvuovwv4d/frames_rgb_flow/rgb/train/P06/P06_08.tar
epic_kitchens,https://data.bris.ac.uk/datasets/3h91syskeag572hl6tvuovwv4d/frames_rgb_flow/rgb/train/P06/P06_09.tar
epic_kitchens,https://data.bris.ac.uk/datasets/3h91syskeag572hl6tvuovwv4d/frames_rgb_flow/rgb/test/P06/P06_10.tar
epic_kitchens,https://data.bris.ac.uk/datasets/2g1n6qdydwa9u22shpxqzp0t8m/P06/rgb_frames/P06_101.tar
epic_kitchens,https://data.bris.ac.uk/datasets/2g1n6qdydwa9u22shpxqzp0t8m/P06/rgb_frames/P06_102.tar
epic_kitchens,https://data.bris.ac.uk/datasets/2g1n6qdydwa9u22shpxqzp0t8m/P06/rgb_frames/P06_103.tar
epic_kitchens,https://data.bris.ac.uk/datasets/2g1n6qdydwa9u22shpxqzp0t8m/P06/rgb_frames/P06_104.tar
epic_kitchens,https://data.bris.ac.uk/datasets/2g1n6qdydwa9u22shpxqzp0t8m/P06/rgb_frames/P06_105.tar
epic_kitchens,https://data.bris.ac.uk/datasets/2g1n6qdydwa9u22shpxqzp0t8m/P06/rgb_frames/P06_106.tar
epic_kitchens,https://data.bris.ac.uk/datasets/2g1n6qdydwa9u22shpxqzp0t8m/P06/rgb_frames/P06_107.tar
epic_kitchens,https://data.bris.ac.uk/datasets/2g1n6qdydwa9u22shpxqzp0t8m/P06/rgb_frames/P06_108.tar
epic_kitchens,https://data.bris.ac.uk/datasets/2g1n6qdydwa9u22shpxqzp0t8m/P06/rgb_frames/P06_109.tar
epic_kitchens,https://data.bris.ac.uk/datasets/3h91syskeag572hl6tvuovwv4d/frames_rgb_flow/rgb/test/P06/P06_11.tar
epic_kitchens,https://data.bris.ac.uk/datasets/2g1n6qdydwa9u22shpxqzp0t8m/P06/rgb_frames/P06_110.tar
epic_kitchens,https://data.bris.ac.uk/datasets/2g1n6qdydwa9u22shpxqzp0t8m/P06/rgb_frames/P06_111.tar
epic_kitchens,https://data.bris.ac.uk/datasets/2g1n6qdydwa9u22shpxqzp0t8m/P06/rgb_frames/P06_112.tar
epic_kitchens,https://data.bris.ac.uk/datasets/2g1n6qdydwa9u22shpxqzp0t8m/P06/rgb_frames/P06_113.tar
epic_kitchens,https://data.bris.ac.uk/datasets/3h91syskeag572hl6tvuovwv4d/frames_rgb_flow/rgb/test/P06/P06_12.tar
epic_kitchens,https://data.bris.ac.uk/datasets/3h91syskeag572hl6tvuovwv4d/frames_rgb_flow/rgb/test/P06/P06_13.tar
epic_kitchens,https://data.bris.ac.uk/datasets/3h91syskeag572hl6tvuovwv4d/frames_rgb_flow/rgb/test/P06/P06_14.tar
epic_kitchens,https://data.bris.ac.uk/datasets/3h91syskeag572hl6tvuovwv4d/frames_rgb_flow/rgb/train/P07/P07_01.tar
epic_kitchens,https://data.bris.ac.uk/datasets/3h91syskeag572hl6tvuovwv4d/frames_rgb_flow/rgb/train/P07/P07_02.tar
epic_kitchens,https://data.bris.ac.uk/datasets/3h91syskeag572hl6tvuovwv4d/frames_rgb_flow/rgb/train/P07/P07_03.tar
epic_kitchens,https://data.bris.ac.uk/datasets/3h91syskeag572hl6tvuovwv4d/frames_rgb_flow/rgb/train/P07/P07_04.tar
epic_kitchens,https://data.bris.ac.uk/datasets/3h91syskeag572hl6tvuovwv4d/frames_rgb_flow/rgb/train/P07/P07_05.tar
epic_kitchens,https://data.bris.ac.uk/datasets/3h91syskeag572hl6tvuovwv4d/frames_rgb_flow/rgb/train/P07/P07_06.tar
epic_kitchens,https://data.bris.ac.uk/datasets/3h91syskeag572hl6tvuovwv4d/frames_rgb_flow/rgb/train/P07/P07_07.tar
epic_kitchens,https://data.bris.ac.uk/datasets/3h91syskeag572hl6tvuovwv4d/frames_rgb_flow/rgb/train/P07/P07_08.tar
epic_kitchens,https://data.bris.ac.uk/datasets/3h91syskeag572hl6tvuovwv4d/frames_rgb_flow/rgb/train/P07/P07_09.tar
epic_kitchens,https://data.bris.ac.uk/datasets/3h91syskeag572hl6tvuovwv4d/frames_rgb_flow/rgb/train/P07/P07_10.tar
epic_kitchens,https://data.bris.ac.uk/datasets/2g1n6qdydwa9u22shpxqzp0t8m/P07/rgb_frames/P07_101.tar
epic_kitchens,https://data.bris.ac.uk/datasets/2g1n6qdydwa9u22shpxqzp0t8m/P07/rgb_frames/P07_102.tar
epic_kitchens,https://data.bris.ac.uk/datasets/2g1n6qdydwa9u22shpxqzp0t8m/P07/rgb_frames/P07_103.tar
epic_kitchens,https://data.bris.ac.uk/datasets/2g1n6qdydwa9u22shpxqzp0t8m/P07/rgb_frames/P07_104.tar
epic_kitchens,https://data.bris.ac.uk/datasets/2g1n6qdydwa9u22shpxqzp0t8m/P07/rgb_frames/P07_105.tar
epic_kitchens,https://data.bris.ac.uk/datasets/2g1n6qdydwa9u22shpxqzp0t8m/P07/rgb_frames/P07_106.tar
epic_kitchens,https://data.bris.ac.uk/datasets/2g1n6qdydwa9u22shpxqzp0t8m/P07/rgb_frames/P07_107.tar
epic_kitchens,https://data.bris.ac.uk/datasets/2g1n6qdydwa9u22shpxqzp0t8m/P07/rgb_frames/P07_108.tar
epic_kitchens,https://data.bris.ac.uk/datasets/2g1n6qdydwa9u22shpxqzp0t8m/P07/rgb_frames/P07_109.tar
epic_kitchens,https://data.bris.ac.uk/datasets/3h91syskeag572hl6tvuovwv4d/frames_rgb_flow/rgb/train/P07/P07_11.tar
epic_kitchens,https://data.bris.ac.uk/datasets/2g1n6qdydwa9u22shpxqzp0t8m/P07/rgb_frames/P07_110.tar
epic_kitchens,https://data.bris.ac.uk/datasets/2g1n6qdydwa9u22shpxqzp0t8m/P07/rgb_frames/P07_111.tar
epic_kitchens,https://data.bris.ac.uk/datasets/2g1n6qdydwa9u22shpxqzp0t8m/P07/rgb_frames/P07_112.tar
epic_kitchens,https://data.bris.ac.uk/datasets/2g1n6qdydwa9u22shpxqzp0t8m/P07/rgb_frames/P07_113.tar
epic_kitchens,https://data.bris.ac.uk/datasets/2g1n6qdydwa9u22shpxqzp0t8m/P07/rgb_frames/P07_114.tar
epic_kitchens,https://data.bris.ac.uk/datasets/2g1n6qdydwa9u22shpxqzp0t8m/P07/rgb_frames/P07_115.tar
epic_kitchens,https://data.bris.ac.uk/datasets/2g1n6qdydwa9u22shpxqzp0t8m/P07/rgb_frames/P07_116.tar
epic_kitchens,https://data.bris.ac.uk/datasets/2g1n6qdydwa9u22shpxqzp0t8m/P07/rgb_frames/P07_117.tar
epic_kitchens,https://data.bris.ac.uk/datasets/3h91syskeag572hl6tvuovwv4d/frames_rgb_flow/rgb/test/P07/P07_12.tar
epic_kitchens,https://data.bris.ac.uk/datasets/3h91syskeag572hl6tvuovwv4d/frames_rgb_flow/rgb/test/P07/P07_13.tar
epic_kitchens,https://data.bris.ac.uk/datasets/3h91syskeag572hl6tvuovwv4d/frames_rgb_flow/rgb/test/P07/P07_14.tar
epic_kitchens,https://data.bris.ac.uk/datasets/3h91syskeag572hl6tvuovwv4d/frames_rgb_flow/rgb/test/P07/P07_15.tar
epic_kitchens,https://data.bris.ac.uk/datasets/3h91syskeag572hl6tvuovwv4d/frames_rgb_flow/rgb/test/P07/P07_16.tar
epic_kitchens,https://data.bris.ac.uk/datasets/3h91syskeag572hl6tvuovwv4d/frames_rgb_flow/rgb/test/P07/P07_17.tar
epic_kitchens,https://data.bris.ac.uk/datasets/3h91syskeag572hl6tvuovwv4d/frames_rgb_flow/rgb/test/P07/P07_18.tar
epic_kitchens,https://data.bris.ac.uk/datasets/3h91syskeag572hl6tvuovwv4d/frames_rgb_flow/rgb/train/P08/P08_01.tar
epic_kitchens,https://data.bris.ac.uk/datasets/3h91syskeag572hl6tvuovwv4d/frames_rgb_flow/rgb/train/P08/P08_02.tar
epic_kitchens,https://data.bris.ac.uk/datasets/3h91syskeag572hl6tvuovwv4d/frames_rgb_flow/rgb/train/P08/P08_03.tar
epic_kitchens,https://data.bris.ac.uk/datasets/3h91syskeag572hl6tvuovwv4d/frames_rgb_flow/rgb/train/P08/P08_04.tar
epic_kitchens,https://data.bris.ac.uk/datasets/3h91syskeag572hl6tvuovwv4d/frames_rgb_flow/rgb/train/P08/P08_05.tar
epic_kitchens,https://data.bris.ac.uk/datasets/3h91syskeag572hl6tvuovwv4d/frames_rgb_flow/rgb/train/P08/P08_06.tar
epic_kitchens,https://data.bris.ac.uk/datasets/3h91syskeag572hl6tvuovwv4d/frames_rgb_flow/rgb/train/P08/P08_07.tar
epic_kitchens,https://data.bris.ac.uk/datasets/3h91syskeag572hl6tvuovwv4d/frames_rgb_flow/rgb/train/P08/P08_08.tar
epic_kitchens,https://data.bris.ac.uk/datasets/3h91syskeag572hl6tvuovwv4d/frames_rgb_flow/rgb/test/P08/P08_09.tar
epic_kitchens,https://data.bris.ac.uk/datasets/3h91syskeag572hl6tvuovwv4d/frames_rgb_flow/rgb/test/P08/P08_10.tar
epic_kitchens,https://data.bris.ac.uk/datasets/3h91syskeag572hl6tvuovwv4d/frames_rgb_flow/rgb/train/P08/P08_11.tar
epic_kitchens,https://data.bris.ac.uk/datasets/3h91syskeag572hl6tvuovwv4d/frames_rgb_flow/rgb/train/P08/P08_12.tar
epic_kitchens,https://data.bris.ac.uk/datasets/3h91syskeag572hl6tvuovwv4d/frames_rgb_flow/rgb/train/P08/P08_13.tar
epic_kitchens,https://data.bris.ac.uk/datasets/3h91syskeag572hl6tvuovwv4d/frames_rgb_flow/rgb/test/P08/P08_14.tar
epic_kitchens,https://data.bris.ac.uk/datasets/3h91syskeag572hl6tvuovwv4d/frames_rgb_flow/rgb/test/P08/P08_15.tar
epic_kitchens,https://data.bris.ac.uk/datasets/3h91syskeag572hl6tvuovwv4d/frames_rgb_flow/rgb/test/P08/P08_16.tar
epic_kitchens,https://data.bris.ac.uk/datasets/3h91syskeag572hl6tvuovwv4d/frames_rgb_flow/rgb/test/P08/P08_17.tar
epic_kitchens,https://data.bris.ac.uk/datasets/3h91syskeag572hl6tvuovwv4d/frames_rgb_flow/rgb/train/P08/P08_18.tar
epic_kitchens,https://data.bris.ac.uk/datasets/3h91syskeag572hl6tvuovwv4d/frames_rgb_flow/rgb/train/P08/P08_19.tar
epic_kitchens,https://data.bris.ac.uk/datasets/3h91syskeag572hl6tvuovwv4d/frames_rgb_flow/rgb/train/P08/P08_20.tar
epic_kitchens,https://data.bris.ac.uk/datasets/3h91syskeag572hl6tvuovwv4d/frames_rgb_flow/rgb/train/P08/P08_21.tar
epic_kitchens,https://data.bris.ac.uk/datasets/3h91syskeag572hl6tvuovwv4d/frames_rgb_flow/rgb/train/P08/P08_22.tar
epic_kitchens,https://data.bris.ac.uk/datasets/3h91syskeag572hl6tvuovwv4d/frames_rgb_flow/rgb/train/P08/P08_23.tar
epic_kitchens,https://data.bris.ac.uk/datasets/3h91syskeag572hl6tvuovwv4d/frames_rgb_flow/rgb/train/P08/P08_24.tar
epic_kitchens,https://data.bris.ac.uk/datasets/3h91syskeag572hl6tvuovwv4d/frames_rgb_flow/rgb/train/P08/P08_25.tar
epic_kitchens,https://data.bris.ac.uk/datasets/3h91syskeag572hl6tvuovwv4d/frames_rgb_flow/rgb/train/P08/P08_26.tar
epic_kitchens,https://data.bris.ac.uk/datasets/3h91syskeag572hl6tvuovwv4d/frames_rgb_flow/rgb/train/P08/P08_27.tar
epic_kitchens,https://data.bris.ac.uk/datasets/3h91syskeag572hl6tvuovwv4d/frames_rgb_flow/rgb/train/P08/P08_28.tar
epic_kitchens,https://data.bris.ac.uk/datasets/3h91syskeag572hl6tvuovwv4d/frames_rgb_flow/rgb/test/P09/P09_01.tar
epic_kitchens,https://data.bris.ac.uk/datasets/3h91syskeag572hl6tvuovwv4d/frames_rgb_flow/rgb/test/P09/P09_02.tar
epic_kitchens,https://data.bris.ac.uk/datasets/3h91syskeag572hl6tvuovwv4d/frames_rgb_flow/rgb/test/P09/P09_03.tar
epic_kitchens,https://data.bris.ac.uk/datasets/3h91syskeag572hl6tvuovwv4d/frames_rgb_flow/rgb/test/P09/P09_04.tar
epic_kitchens,https://data.bris.ac.uk/datasets/3h91syskeag572hl6tvuovwv4d/frames_rgb_flow/rgb/test/P09/P09_05.tar
epic_kitchens,https://data.bris.ac.uk/datasets/3h91syskeag572hl6tvuovwv4d/frames_rgb_flow/rgb/test/P09/P09_06.tar
epic_kitchens,https://data.bris.ac.uk/datasets/3h91syskeag572hl6tvuovwv4d/frames_rgb_flow/rgb/test/P09/P09_07.tar
epic_kitchens,https://data.bris.ac.uk/datasets/3h91syskeag572hl6tvuovwv4d/frames_rgb_flow/rgb/test/P09/P09_08.tar
epic_kitchens,https://data.bris.ac.uk/datasets/2g1n6qdydwa9u22shpxqzp0t8m/P09/rgb_frames/P09_101.tar
epic_kitchens,https://data.bris.ac.uk/datasets/2g1n6qdydwa9u22shpxqzp0t8m/P09/rgb_frames/P09_102.tar
epic_kitchens,https://data.bris.ac.uk/datasets/2g1n6qdydwa9u22shpxqzp0t8m/P09/rgb_frames/P09_103.tar
epic_kitchens,https://data.bris.ac.uk/datasets/2g1n6qdydwa9u22shpxqzp0t8m/P09/rgb_frames/P09_104.tar
epic_kitchens,https://data.bris.ac.uk/datasets/2g1n6qdydwa9u22shpxqzp0t8m/P09/rgb_frames/P09_105.tar
epic_kitchens,https://data.bris.ac.uk/datasets/2g1n6qdydwa9u22shpxqzp0t8m/P09/rgb_frames/P09_106.tar
epic_kitchens,https://data.bris.ac.uk/datasets/3h91syskeag572hl6tvuovwv4d/frames_rgb_flow/rgb/train/P10/P10_01.tar
epic_kitchens,https://data.bris.ac.uk/datasets/3h91syskeag572hl6tvuovwv4d/frames_rgb_flow/rgb/train/P10/P10_02.tar
epic_kitchens,https://data.bris.ac.uk/datasets/3h91syskeag572hl6tvuovwv4d/frames_rgb_flow/rgb/test/P10/P10_03.tar
epic_kitchens,https://data.bris.ac.uk/datasets/3h91syskeag572hl6tvuovwv4d/frames_rgb_flow/rgb/train/P10/P10_04.tar
epic_kitchens,https://data.bris.ac.uk/datasets/3h91syskeag572hl6tvuovwv4d/frames_rgb_flow/rgb/test/P11/P11_01.tar
epic_kitchens,https://data.bris.ac.uk/datasets/3h91syskeag572hl6tvuovwv4d/frames_rgb_flow/rgb/test/P11/P11_02.tar
epic_kitchens,https://data.bris.ac.uk/datasets/3h91syskeag572hl6tvuovwv4d/frames_rgb_flow/rgb/test/P11/P11_03.tar
epic_kitchens,https://data.bris.ac.uk/datasets/3h91syskeag572hl6tvuovwv4d/frames_rgb_flow/rgb/test/P11/P11_04.tar
epic_kitchens,https://data.bris.ac.uk/datasets/3h91syskeag572hl6tvuovwv4d/frames_rgb_flow/rgb/test/P11/P11_05.tar
epic_kitchens,https://data.bris.ac.uk/datasets/3h91syskeag572hl6tvuovwv4d/frames_rgb_flow/rgb/test/P11/P11_06.tar
epic_kitchens,https://data.bris.ac.uk/datasets/3h91syskeag572hl6tvuovwv4d/frames_rgb_flow/rgb/test/P11/P11_07.tar
epic_kitchens,https://data.bris.ac.uk/datasets/3h91syskeag572hl6tvuovwv4d/frames_rgb_flow/rgb/test/P11/P11_08.tar
epic_kitchens,https://data.bris.ac.uk/datasets/3h91syskeag572hl6tvuovwv4d/frames_rgb_flow/rgb/test/P11/P11_09.tar
epic_kitchens,https://data.bris.ac.uk/datasets/3h91syskeag572hl6tvuovwv4d/frames_rgb_flow/rgb/test/P11/P11_10.tar
epic_kitchens,https://data.bris.ac.uk/datasets/2g1n6qdydwa9u22shpxqzp0t8m/P11/rgb_frames/P11_101.tar
epic_kitchens,https://data.bris.ac.uk/datasets/2g1n6qdydwa9u22shpxqzp0t8m/P11/rgb_frames/P11_102.tar
epic_kitchens,https://data.bris.ac.uk/datasets/2g1n6qdydwa9u22shpxqzp0t8m/P11/rgb_frames/P11_103.tar
epic_kitchens,https://data.bris.ac.uk/datasets/2g1n6qdydwa9u22shpxqzp0t8m/P11/rgb_frames/P11_104.tar
epic_kitchens,https://data.bris.ac.uk/datasets/2g1n6qdydwa9u22shpxqzp0t8m/P11/rgb_frames/P11_105.tar
epic_kitchens,https://data.bris.ac.uk/datasets/2g1n6qdydwa9u22shpxqzp0t8m/P11/rgb_frames/P11_106.tar
epic_kitchens,https://data.bris.ac.uk/datasets/2g1n6qdydwa9u22shpxqzp0t8m/P11/rgb_frames/P11_107.tar
epic_kitchens,https://data.bris.ac.uk/datasets/2g1n6qdydwa9u22shpxqzp0t8m/P11/rgb_frames/P11_108.tar
epic_kitchens,https://data.bris.ac.uk/datasets/2g1n6qdydwa9u22shpxqzp0t8m/P11/rgb_frames/P11_109.tar
epic_kitchens,https://data.bris.ac.uk/datasets/3h91syskeag572hl6tvuovwv4d/frames_rgb_flow/rgb/test/P11/P11_11.tar
epic_kitchens,https://data.bris.ac.uk/datasets/3h91syskeag572hl6tvuovwv4d/frames_rgb_flow/rgb/test/P11/P11_12.tar
epic_kitchens,https://data.bris.ac.uk/datasets/3h91syskeag572hl6tvuovwv4d/frames_rgb_flow/rgb/test/P11/P11_13.tar
epic_kitchens,https://data.bris.ac.uk/datasets/3h91syskeag572hl6tvuovwv4d/frames_rgb_flow/rgb/test/P11/P11_14.tar
epic_kitchens,https://data.bris.ac.uk/datasets/3h91syskeag572hl6tvuovwv4d/frames_rgb_flow/rgb/test/P11/P11_15.tar
epic_kitchens,https://data.bris.ac.uk/datasets/3h91syskeag572hl6tvuovwv4d/frames_rgb_flow/rgb/test/P11/P11_16.tar
epic_kitchens,https://data.bris.ac.uk/datasets/3h91syskeag572hl6tvuovwv4d/frames_rgb_flow/rgb/test/P11/P11_17.tar
epic_kitchens,https://data.bris.ac.uk/datasets/3h91syskeag572hl6tvuovwv4d/frames_rgb_flow/rgb/test/P11/P11_18.tar
epic_kitchens,https://data.bris.ac.uk/datasets/3h91syskeag572hl6tvuovwv4d/frames_rgb_flow/rgb/test/P11/P11_19.tar
epic_kitchens,https://data.bris.ac.uk/datasets/3h91syskeag572hl6tvuovwv4d/frames_rgb_flow/rgb/test/P11/P11_20.tar
epic_kitchens,https://data.bris.ac.uk/datasets/3h91syskeag572hl6tvuovwv4d/frames_rgb_flow/rgb/test/P11/P11_21.tar
epic_kitchens,https://data.bris.ac.uk/datasets/3h91syskeag572hl6tvuovwv4d/frames_rgb_flow/rgb/test/P11/P11_22.tar
epic_kitchens,https://data.bris.ac.uk/datasets/3h91syskeag572hl6tvuovwv4d/frames_rgb_flow/rgb/test/P11/P11_23.tar
epic_kitchens,https://data.bris.ac.uk/datasets/3h91syskeag572hl6tvuovwv4d/frames_rgb_flow/rgb/test/P11/P11_24.tar
epic_kitchens,https://data.bris.ac.uk/datasets/3h91syskeag572hl6tvuovwv4d/frames_rgb_flow/rgb/train/P12/P12_01.tar
epic_kitchens,https://data.bris.ac.uk/datasets/3h91syskeag572hl6tvuovwv4d/frames_rgb_flow/rgb/train/P12/P12_02.tar
epic_kitchens,https://data.bris.ac.uk/datasets/3h91syskeag572hl6tvuovwv4d/frames_rgb_flow/rgb/test/P12/P12_03.tar
epic_kitchens,https://data.bris.ac.uk/datasets/3h91syskeag572hl6tvuovwv4d/frames_rgb_flow/rgb/train/P12/P12_04.tar
epic_kitchens,https://data.bris.ac.uk/datasets/3h91syskeag572hl6tvuovwv4d/frames_rgb_flow/rgb/train/P12/P12_05.tar
epic_kitchens,https://data.bris.ac.uk/datasets/3h91syskeag572hl6tvuovwv4d/frames_rgb_flow/rgb/train/P12/P12_06.tar
epic_kitchens,https://data.bris.ac.uk/datasets/3h91syskeag572hl6tvuovwv4d/frames_rgb_flow/rgb/train/P12/P12_07.tar
epic_kitchens,https://data.bris.ac.uk/datasets/3h91syskeag572hl6tvuovwv4d/frames_rgb_flow/rgb/test/P12/P12_08.tar
epic_kitchens,https://data.bris.ac.uk/datasets/2g1n6qdydwa9u22shpxqzp0t8m/P12/rgb_frames/P12_101.tar
epic_kitchens,https://data.bris.ac.uk/datasets/2g1n6qdydwa9u22shpxqzp0t8m/P12/rgb_frames/P12_102.tar
epic_kitchens,https://data.bris.ac.uk/datasets/2g1n6qdydwa9u22shpxqzp0t8m/P12/rgb_frames/P12_103.tar
epic_kitchens,https://data.bris.ac.uk/datasets/2g1n6qdydwa9u22shpxqzp0t8m/P12/rgb_frames/P12_104.tar
epic_kitchens,https://data.bris.ac.uk/datasets/2g1n6qdydwa9u22shpxqzp0t8m/P12/rgb_frames/P12_105.tar
epic_kitchens,https://data.bris.ac.uk/datasets/3h91syskeag572hl6tvuovwv4d/frames_rgb_flow/rgb/test/P13/P13_01.tar
epic_kitchens,https://data.bris.ac.uk/datasets/3h91syskeag572hl6tvuovwv4d/frames_rgb_flow/rgb/test/P13/P13_02.tar
epic_kitchens,https://data.bris.ac.uk/datasets/3h91syskeag572hl6tvuovwv4d/frames_rgb_flow/rgb/test/P13/P13_03.tar
epic_kitchens,https://data.bris.ac.uk/datasets/3h91syskeag572hl6tvuovwv4d/frames_rgb_flow/rgb/train/P13/P13_04.tar
epic_kitchens,https://data.bris.ac.uk/datasets/3h91syskeag572hl6tvuovwv4d/frames_rgb_flow/rgb/train/P13/P13_05.tar
epic_kitchens,https://data.bris.ac.uk/datasets/3h91syskeag572hl6tvuovwv4d/frames_rgb_flow/rgb/train/P13/P13_06.tar
epic_kitchens,https://data.bris.ac.uk/datasets/3h91syskeag572hl6tvuovwv4d/frames_rgb_flow/rgb/train/P13/P13_07.tar
epic_kitchens,https://data.bris.ac.uk/datasets/3h91syskeag572hl6tvuovwv4d/frames_rgb_flow/rgb/train/P13/P13_08.tar
epic_kitchens,https://data.bris.ac.uk/datasets/3h91syskeag572hl6tvuovwv4d/frames_rgb_flow/rgb/train/P13/P13_09.tar
epic_kitchens,https://data.bris.ac.uk/datasets/3h91syskeag572hl6tvuovwv4d/frames_rgb_flow/rgb/train/P13/P13_10.tar
epic_kitchens,https://data.bris.ac.uk/datasets/3h91syskeag572hl6tvuovwv4d/frames_rgb_flow/rgb/train/P14/P14_01.tar
epic_kitchens,https://data.bris.ac.uk/datasets/3h91syskeag572hl6tvuovwv4d/frames_rgb_flow/rgb/train/P14/P14_02.tar
epic_kitchens,https://data.bris.ac.uk/datasets/3h91syskeag572hl6tvuovwv4d/frames_rgb_flow/rgb/train/P14/P14_03.tar
epic_kitchens,https://data.bris.ac.uk/datasets/3h91syskeag572hl6tvuovwv4d/frames_rgb_flow/rgb/train/P14/P14_04.tar
epic_kitchens,https://data.bris.ac.uk/datasets/3h91syskeag572hl6tvuovwv4d/frames_rgb_flow/rgb/train/P14/P14_05.tar
epic_kitchens,https://data.bris.ac.uk/datasets/3h91syskeag572hl6tvuovwv4d/frames_rgb_flow/rgb/test/P14/P14_06.tar
epic_kitchens,https://data.bris.ac.uk/datasets/3h91syskeag572hl6tvuovwv4d/frames_rgb_flow/rgb/train/P14/P14_07.tar
epic_kitchens,https://data.bris.ac.uk/datasets/3h91syskeag572hl6tvuovwv4d/frames_rgb_flow/rgb/test/P14/P14_08.tar
epic_kitchens,https://data.bris.ac.uk/datasets/3h91syskeag572hl6tvuovwv4d/frames_rgb_flow/rgb/train/P14/P14_09.tar
epic_kitchens,https://data.bris.ac.uk/datasets/3h91syskeag572hl6tvuovwv4d/frames_rgb_flow/rgb/train/P15/P15_01.tar
epic_kitchens,https://data.bris.ac.uk/datasets/3h91syskeag572hl6tvuovwv4d/frames_rgb_flow/rgb/train/P15/P15_02.tar
epic_kitchens,https://data.bris.ac.uk/datasets/3h91syskeag572hl6tvuovwv4d/frames_rgb_flow/rgb/train/P15/P15_03.tar
epic_kitchens,https://data.bris.ac.uk/datasets/3h91syskeag572hl6tvuovwv4d/frames_rgb_flow/rgb/test/P15/P15_04.tar
epic_kitchens,https://data.bris.ac.uk/datasets/3h91syskeag572hl6tvuovwv4d/frames_rgb_flow/rgb/test/P15/P15_05.tar
epic_kitchens,https://data.bris.ac.uk/datasets/3h91syskeag572hl6tvuovwv4d/frames_rgb_flow/rgb/test/P15/P15_06.tar
epic_kitchens,https://data.bris.ac.uk/datasets/3h91syskeag572hl6tvuovwv4d/frames_rgb_flow/rgb/train/P15/P15_07.tar
epic_kitchens,https://data.bris.ac.uk/datasets/3h91syskeag572hl6tvuovwv4d/frames_rgb_flow/rgb/train/P15/P15_08.tar
epic_kitchens,https://data.bris.ac.uk/datasets/3h91syskeag572hl6tvuovwv4d/frames_rgb_flow/rgb/train/P15/P15_09.tar
epic_kitchens,https://data.bris.ac.uk/datasets/3h91syskeag572hl6tvuovwv4d/frames_rgb_flow/rgb/train/P15/P15_10.tar
epic_kitchens,https://data.bris.ac.uk/datasets/3h91syskeag572hl6tvuovwv4d/frames_rgb_flow/rgb/train/P15/P15_11.tar
epic_kitchens,https://data.bris.ac.uk/datasets/3h91syskeag572hl6tvuovwv4d/frames_rgb_flow/rgb/train/P15/P15_12.tar
epic_kitchens,https://data.bris.ac.uk/datasets/3h91syskeag572hl6tvuovwv4d/frames_rgb_flow/rgb/train/P15/P15_13.tar
epic_kitchens,https://data.bris.ac.uk/datasets/3h91syskeag572hl6tvuovwv4d/frames_rgb_flow/rgb/train/P16/P16_01.tar
epic_kitchens,https://data.bris.ac.uk/datasets/3h91syskeag572hl6tvuovwv4d/frames_rgb_flow/rgb/train/P16/P16_02.tar
epic_kitchens,https://data.bris.ac.uk/datasets/3h91syskeag572hl6tvuovwv4d/frames_rgb_flow/rgb/train/P16/P16_03.tar
epic_kitchens,https://data.bris.ac.uk/datasets/3h91syskeag572hl6tvuovwv4d/frames_rgb_flow/rgb/test/P16/P16_04.tar
epic_kitchens,https://data.bris.ac.uk/datasets/3h91syskeag572hl6tvuovwv4d/frames_rgb_flow/rgb/train/P17/P17_01.tar
epic_kitchens,https://data.bris.ac.uk/datasets/3h91syskeag572hl6tvuovwv4d/frames_rgb_flow/rgb/test/P17/P17_02.tar
epic_kitchens,https://data.bris.ac.uk/datasets/3h91syskeag572hl6tvuovwv4d/frames_rgb_flow/rgb/train/P17/P17_03.tar
epic_kitchens,https://data.bris.ac.uk/datasets/3h91syskeag572hl6tvuovwv4d/frames_rgb_flow/rgb/train/P17/P17_04.tar
epic_kitchens,https://data.bris.ac.uk/datasets/3h91syskeag572hl6tvuovwv4d/frames_rgb_flow/rgb/test/P18/P18_01.tar
epic_kitchens,https://data.bris.ac.uk/datasets/3h91syskeag572hl6tvuovwv4d/frames_rgb_flow/rgb/test/P18/P18_02.tar
epic_kitchens,https://data.bris.ac.uk/datasets/3h91syskeag572hl6tvuovwv4d/frames_rgb_flow/rgb/test/P18/P18_03.tar
epic_kitchens,https://data.bris.ac.uk/datasets/3h91syskeag572hl6tvuovwv4d/frames_rgb_flow/rgb/test/P18/P18_04.tar
epic_kitchens,https://data.bris.ac.uk/datasets/3h91syskeag572hl6tvuovwv4d/frames_rgb_flow/rgb/test/P18/P18_05.tar
epic_kitchens,https://data.bris.ac.uk/datasets/3h91syskeag572hl6tvuovwv4d/frames_rgb_flow/rgb/test/P18/P18_06.tar
epic_kitchens,https://data.bris.ac.uk/datasets/3h91syskeag572hl6tvuovwv4d/frames_rgb_flow/rgb/test/P18/P18_07.tar
epic_kitchens,https://data.bris.ac.uk/datasets/3h91syskeag572hl6tvuovwv4d/frames_rgb_flow/rgb/test/P18/P18_08.tar
epic_kitchens,https://data.bris.ac.uk/datasets/3h91syskeag572hl6tvuovwv4d/frames_rgb_flow/rgb/test/P18/P18_09.tar
epic_kitchens,https://data.bris.ac.uk/datasets/3h91syskeag572hl6tvuovwv4d/frames_rgb_flow/rgb/test/P18/P18_10.tar
epic_kitchens,https://data.bris.ac.uk/datasets/3h91syskeag572hl6tvuovwv4d/frames_rgb_flow/rgb/test/P18/P18_11.tar
epic_kitchens,https://data.bris.ac.uk/datasets/3h91syskeag572hl6tvuovwv4d/frames_rgb_flow/rgb/test/P18/P18_12.tar
epic_kitchens,https://data.bris.ac.uk/datasets/3h91syskeag572hl6tvuovwv4d/frames_rgb_flow/rgb/train/P19/P19_01.tar
epic_kitchens,https://data.bris.ac.uk/datasets/3h91syskeag572hl6tvuovwv4d/frames_rgb_flow/rgb/train/P19/P19_02.tar
epic_kitchens,https://data.bris.ac.uk/datasets/3h91syskeag572hl6tvuovwv4d/frames_rgb_flow/rgb/train/P19/P19_03.tar
epic_kitchens,https://data.bris.ac.uk/datasets/3h91syskeag572hl6tvuovwv4d/frames_rgb_flow/rgb/train/P19/P19_04.tar
epic_kitchens,https://data.bris.ac.uk/datasets/3h91syskeag572hl6tvuovwv4d/frames_rgb_flow/rgb/test/P19/P19_05.tar
epic_kitchens,https://data.bris.ac.uk/datasets/3h91syskeag572hl6tvuovwv4d/frames_rgb_flow/rgb/test/P19/P19_06.tar
epic_kitchens,https://data.bris.ac.uk/datasets/3h91syskeag572hl6tvuovwv4d/frames_rgb_flow/rgb/train/P20/P20_01.tar
epic_kitchens,https://data.bris.ac.uk/datasets/3h91syskeag572hl6tvuovwv4d/frames_rgb_flow/rgb/train/P20/P20_02.tar
epic_kitchens,https://data.bris.ac.uk/datasets/3h91syskeag572hl6tvuovwv4d/frames_rgb_flow/rgb/train/P20/P20_03.tar
epic_kitchens,https://data.bris.ac.uk/datasets/3h91syskeag572hl6tvuovwv4d/frames_rgb_flow/rgb/train/P20/P20_04.tar
epic_kitchens,https://data.bris.ac.uk/datasets/3h91syskeag572hl6tvuovwv4d/frames_rgb_flow/rgb/test/P20/P20_05.tar
epic_kitchens,https://data.bris.ac.uk/datasets/3h91syskeag572hl6tvuovwv4d/frames_rgb_flow/rgb/test/P20/P20_06.tar
epic_kitchens,https://data.bris.ac.uk/datasets/3h91syskeag572hl6tvuovwv4d/frames_rgb_flow/rgb/test/P20/P20_07.tar
epic_kitchens,https://data.bris.ac.uk/datasets/3h91syskeag572hl6tvuovwv4d/frames_rgb_flow/rgb/train/P21/P21_01.tar
epic_kitchens,https://data.bris.ac.uk/datasets/3h91syskeag572hl6tvuovwv4d/frames_rgb_flow/rgb/test/P21/P21_02.tar
epic_kitchens,https://data.bris.ac.uk/datasets/3h91syskeag572hl6tvuovwv4d/frames_rgb_flow/rgb/train/P21/P21_03.tar
epic_kitchens,https://data.bris.ac.uk/datasets/3h91syskeag572hl6tvuovwv4d/frames_rgb_flow/rgb/train/P21/P21_04.tar
epic_kitchens,https://data.bris.ac.uk/datasets/3h91syskeag572hl6tvuovwv4d/frames_rgb_flow/rgb/test/P22/P22_01.tar
epic_kitchens,https://data.bris.ac.uk/datasets/3h91syskeag572hl6tvuovwv4d/frames_rgb_flow/rgb/test/P22/P22_02.tar
epic_kitchens,https://data.bris.ac.uk/datasets/3h91syskeag572hl6tvuovwv4d/frames_rgb_flow/rgb/test/P22/P22_03.tar
epic_kitchens,https://data.bris.ac.uk/datasets/3h91syskeag572hl6tvuovwv4d/frames_rgb_flow/rgb/test/P22/P22_04.tar
epic_kitchens,https://data.bris.ac.uk/datasets/3h91syskeag572hl6tvuovwv4d/frames_rgb_flow/rgb/train/P22/P22_05.tar
epic_kitchens,https://data.bris.ac.uk/datasets/3h91syskeag572hl6tvuovwv4d/frames_rgb_flow/rgb/train/P22/P22_06.tar
epic_kitchens,https://data.bris.ac.uk/datasets/3h91syskeag572hl6tvuovwv4d/frames_rgb_flow/rgb/train/P22/P22_07.tar
epic_kitchens,https://data.bris.ac.uk/datasets/3h91syskeag572hl6tvuovwv4d/frames_rgb_flow/rgb/train/P22/P22_08.tar
epic_kitchens,https://data.bris.ac.uk/datasets/3h91syskeag572hl6tvuovwv4d/frames_rgb_flow/rgb/train/P22/P22_09.tar
epic_kitchens,https://data.bris.ac.uk/datasets/3h91syskeag572hl6tvuovwv4d/frames_rgb_flow/rgb/train/P22/P22_10.tar
epic_kitchens,https://data.bris.ac.uk/datasets/2g1n6qdydwa9u22shpxqzp0t8m/P22/rgb_frames/P22_101.tar
epic_kitchens,https://data.bris.ac.uk/datasets/2g1n6qdydwa9u22shpxqzp0t8m/P22/rgb_frames/P22_102.tar
epic_kitchens,https://data.bris.ac.uk/datasets/2g1n6qdydwa9u22shpxqzp0t8m/P22/rgb_frames/P22_103.tar
epic_kitchens,https://data.bris.ac.uk/datasets/2g1n6qdydwa9u22shpxqzp0t8m/P22/rgb_frames/P22_104.tar
epic_kitchens,https://data.bris.ac.uk/datasets/2g1n6qdydwa9u22shpxqzp0t8m/P22/rgb_frames/P22_105.tar
epic_kitchens,https://data.bris.ac.uk/datasets/2g1n6qdydwa9u22shpxqzp0t8m/P22/rgb_frames/P22_106.tar
epic_kitchens,https://data.bris.ac.uk/datasets/2g1n6qdydwa9u22shpxqzp0t8m/P22/rgb_frames/P22_107.tar
epic_kitchens,https://data.bris.ac.uk/datasets/2g1n6qdydwa9u22shpxqzp0t8m/P22/rgb_frames/P22_108.tar
epic_kitchens,https://data.bris.ac.uk/datasets/2g1n6qdydwa9u22shpxqzp0t8m/P22/rgb_frames/P22_109.tar
epic_kitchens,https://data.bris.ac.uk/datasets/3h91syskeag572hl6tvuovwv4d/frames_rgb_flow/rgb/train/P22/P22_11.tar
epic_kitchens,https://data.bris.ac.uk/datasets/2g1n6qdydwa9u22shpxqzp0t8m/P22/rgb_frames/P22_110.tar
epic_kitchens,https://data.bris.ac.uk/datasets/2g1n6qdydwa9u22shpxqzp0t8m/P22/rgb_frames/P22_111.tar
epic_kitchens,https://data.bris.ac.uk/datasets/2g1n6qdydwa9u22shpxqzp0t8m/P22/rgb_frames/P22_112.tar
epic_kitchens,https://data.bris.ac.uk/datasets/2g1n6qdydwa9u22shpxqzp0t8m/P22/rgb_frames/P22_113.tar
epic_kitchens,https://data.bris.ac.uk/datasets/2g1n6qdydwa9u22shpxqzp0t8m/P22/rgb_frames/P22_114.tar
epic_kitchens,https://data.bris.ac.uk/datasets/2g1n6qdydwa9u22shpxqzp0t8m/P22/rgb_frames/P22_115.tar
epic_kitchens,https://data.bris.ac.uk/datasets/2g1n6qdydwa9u22shpxqzp0t8m/P22/rgb_frames/P22_116.tar
epic_kitchens,https://data.bris.ac.uk/datasets/2g1n6qdydwa9u22shpxqzp0t8m/P22/rgb_frames/P22_117.tar
epic_kitchens,https://data.bris.ac.uk/datasets/3h91syskeag572hl6tvuovwv4d/frames_rgb_flow/rgb/train/P22/P22_12.tar
epic_kitchens,https://data.bris.ac.uk/datasets/3h91syskeag572hl6tvuovwv4d/frames_rgb_flow/rgb/train/P22/P22_13.tar
epic_kitchens,https://data.bris.ac.uk/datasets/3h91syskeag572hl6tvuovwv4d/frames_rgb_flow/rgb/train/P22/P22_14.tar
epic_kitchens,https://data.bris.ac.uk/datasets/3h91syskeag572hl6tvuovwv4d/frames_rgb_flow/rgb/train/P22/P22_15.tar
epic_kitchens,https://data.bris.ac.uk/datasets/3h91syskeag572hl6tvuovwv4d/frames_rgb_flow/rgb/train/P22/P22_16.tar
epic_kitchens,https://data.bris.ac.uk/datasets/3h91syskeag572hl6tvuovwv4d/frames_rgb_flow/rgb/train/P22/P22_17.tar
epic_kitchens,https://data.bris.ac.uk/datasets/3h91syskeag572hl6tvuovwv4d/frames_rgb_flow/rgb/train/P23/P23_01.tar
epic_kitchens,https://data.bris.ac.uk/datasets/3h91syskeag572hl6tvuovwv4d/frames_rgb_flow/rgb/train/P23/P23_02.tar
epic_kitchens,https://data.bris.ac.uk/datasets/3h91syskeag572hl6tvuovwv4d/frames_rgb_flow/rgb/train/P23/P23_03.tar
epic_kitchens,https://data.bris.ac.uk/datasets/3h91syskeag572hl6tvuovwv4d/frames_rgb_flow/rgb/train/P23/P23_04.tar
epic_kitchens,https://data.bris.ac.uk/datasets/3h91syskeag572hl6tvuovwv4d/frames_rgb_flow/rgb/test/P23/P23_05.tar
epic_kitchens,https://data.bris.ac.uk/datasets/2g1n6qdydwa9u22shpxqzp0t8m/P23/rgb_frames/P23_101.tar
epic_kitchens,https://data.bris.ac.uk/datasets/2g1n6qdydwa9u22shpxqzp0t8m/P23/rgb_frames/P23_102.tar
epic_kitchens,https://data.bris.ac.uk/datasets/2g1n6qdydwa9u22shpxqzp0t8m/P23/rgb_frames/P23_103.tar
epic_kitchens,https://data.bris.ac.uk/datasets/3h91syskeag572hl6tvuovwv4d/frames_rgb_flow/rgb/train/P24/P24_01.tar
epic_kitchens,https://data.bris.ac.uk/datasets/3h91syskeag572hl6tvuovwv4d/frames_rgb_flow/rgb/train/P24/P24_02.tar
epic_kitchens,https://data.bris.ac.uk/datasets/3h91syskeag572hl6tvuovwv4d/frames_rgb_flow/rgb/train/P24/P24_03.tar
epic_kitchens,https://data.bris.ac.uk/datasets/3h91syskeag572hl6tvuovwv4d/frames_rgb_flow/rgb/train/P24/P24_04.tar
epic_kitchens,https://data.bris.ac.uk/datasets/3h91syskeag572hl6tvuovwv4d/frames_rgb_flow/rgb/train/P24/P24_05.tar
epic_kitchens,https://data.bris.ac.uk/datasets/3h91syskeag572hl6tvuovwv4d/frames_rgb_flow/rgb/train/P24/P24_06.tar
epic_kitchens,https://data.bris.ac.uk/datasets/3h91syskeag572hl6tvuovwv4d/frames_rgb_flow/rgb/train/P24/P24_07.tar
epic_kitchens,https://data.bris.ac.uk/datasets/3h91syskeag572hl6tvuovwv4d/frames_rgb_flow/rgb/train/P24/P24_08.tar
epic_kitchens,https://data.bris.ac.uk/datasets/3h91syskeag572hl6tvuovwv4d/frames_rgb_flow/rgb/test/P24/P24_09.tar
epic_kitchens,https://data.bris.ac.uk/datasets/3h91syskeag572hl6tvuovwv4d/frames_rgb_flow/rgb/train/P25/P25_01.tar
epic_kitchens,https://data.bris.ac.uk/datasets/3h91syskeag572hl6tvuovwv4d/frames_rgb_flow/rgb/train/P25/P25_02.tar
epic_kitchens,https://data.bris.ac.uk/datasets/3h91syskeag572hl6tvuovwv4d/frames_rgb_flow/rgb/train/P25/P25_03.tar
epic_kitchens,https://data.bris.ac.uk/datasets/3h91syskeag572hl6tvuovwv4d/frames_rgb_flow/rgb/train/P25/P25_04.tar
epic_kitchens,https://data.bris.ac.uk/datasets/3h91syskeag572hl6tvuovwv4d/frames_rgb_flow/rgb/train/P25/P25_05.tar
epic_kitchens,https://data.bris.ac.uk/datasets/3h91syskeag572hl6tvuovwv4d/frames_rgb_flow/rgb/test/P25/P25_06.tar
epic_kitchens,https://data.bris.ac.uk/datasets/3h91syskeag572hl6tvuovwv4d/frames_rgb_flow/rgb/test/P25/P25_07.tar
epic_kitchens,https://data.bris.ac.uk/datasets/3h91syskeag572hl6tvuovwv4d/frames_rgb_flow/rgb/test/P25/P25_08.tar
epic_kitchens,https://data.bris.ac.uk/datasets/3h91syskeag572hl6tvuovwv4d/frames_rgb_flow/rgb/train/P25/P25_09.tar
epic_kitchens,https://data.bris.ac.uk/datasets/3h91syskeag572hl6tvuovwv4d/frames_rgb_flow/rgb/train/P25/P25_10.tar
epic_kitchens,https://data.bris.ac.uk/datasets/2g1n6qdydwa9u22shpxqzp0t8m/P25/rgb_frames/P25_101.tar
epic_kitchens,https://data.bris.ac.uk/datasets/2g1n6qdydwa9u22shpxqzp0t8m/P25/rgb_frames/P25_102.tar
epic_kitchens,https://data.bris.ac.uk/datasets/2g1n6qdydwa9u22shpxqzp0t8m/P25/rgb_frames/P25_103.tar
epic_kitchens,https://data.bris.ac.uk/datasets/2g1n6qdydwa9u22shpxqzp0t8m/P25/rgb_frames/P25_104.tar
epic_kitchens,https://data.bris.ac.uk/datasets/2g1n6qdydwa9u22shpxqzp0t8m/P25/rgb_frames/P25_105.tar
epic_kitchens,https://data.bris.ac.uk/datasets/2g1n6qdydwa9u22shpxqzp0t8m/P25/rgb_frames/P25_106.tar
epic_kitchens,https://data.bris.ac.uk/datasets/2g1n6qdydwa9u22shpxqzp0t8m/P25/rgb_frames/P25_107.tar
epic_kitchens,https://data.bris.ac.uk/datasets/3h91syskeag572hl6tvuovwv4d/frames_rgb_flow/rgb/train/P25/P25_11.tar
epic_kitchens,https://data.bris.ac.uk/datasets/3h91syskeag572hl6tvuovwv4d/frames_rgb_flow/rgb/train/P25/P25_12.tar
epic_kitchens,https://data.bris.ac.uk/datasets/3h91syskeag572hl6tvuovwv4d/frames_rgb_flow/rgb/train/P26/P26_01.tar
epic_kitchens,https://data.bris.ac.uk/datasets/3h91syskeag572hl6tvuovwv4d/frames_rgb_flow/rgb/train/P26/P26_02.tar
epic_kitchens,https://data.bris.ac.uk/datasets/3h91syskeag572hl6tvuovwv4d/frames_rgb_flow/rgb/train/P26/P26_03.tar
epic_kitchens,https://data.bris.ac.uk/datasets/3h91syskeag572hl6tvuovwv4d/frames_rgb_flow/rgb/train/P26/P26_04.tar
epic_kitchens,https://data.bris.ac.uk/datasets/3h91syskeag572hl6tvuovwv4d/frames_rgb_flow/rgb/train/P26/P26_05.tar
epic_kitchens,https://data.bris.ac.uk/datasets/3h91syskeag572hl6tvuovwv4d/frames_rgb_flow/rgb/train/P26/P26_06.tar
epic_kitchens,https://data.bris.ac.uk/datasets/3h91syskeag572hl6tvuovwv4d/frames_rgb_flow/rgb/train/P26/P26_07.tar
epic_kitchens,https://data.bris.ac.uk/datasets/3h91syskeag572hl6tvuovwv4d/frames_rgb_flow/rgb/train/P26/P26_08.tar
epic_kitchens,https://data.bris.ac.uk/datasets/3h91syskeag572hl6tvuovwv4d/frames_rgb_flow/rgb/train/P26/P26_09.tar
epic_kitchens,https://data.bris.ac.uk/datasets/3h91syskeag572hl6tvuovwv4d/frames_rgb_flow/rgb/train/P26/P26_10.tar
epic_kitchens,https://data.bris.ac.uk/datasets/2g1n6qdydwa9u22shpxqzp0t8m/P26/rgb_frames/P26_101.tar
epic_kitchens,https://data.bris.ac.uk/datasets/2g1n6qdydwa9u22shpxqzp0t8m/P26/rgb_frames/P26_102.tar
epic_kitchens,https://data.bris.ac.uk/datasets/2g1n6qdydwa9u22shpxqzp0t8m/P26/rgb_frames/P26_103.tar
epic_kitchens,https://data.bris.ac.uk/datasets/2g1n6qdydwa9u22shpxqzp0t8m/P26/rgb_frames/P26_104.tar
epic_kitchens,https://data.bris.ac.uk/datasets/2g1n6qdydwa9u22shpxqzp0t8m/P26/rgb_frames/P26_105.tar
epic_kitchens,https://data.bris.ac.uk/datasets/2g1n6qdydwa9u22shpxqzp0t8m/P26/rgb_frames/P26_106.tar
epic_kitchens,https://data.bris.ac.uk/datasets/2g1n6qdydwa9u22shpxqzp0t8m/P26/rgb_frames/P26_107.tar
epic_kitchens,https://data.bris.ac.uk/datasets/2g1n6qdydwa9u22shpxqzp0t8m/P26/rgb_frames/P26_108.tar
epic_kitchens,https://data.bris.ac.uk/datasets/2g1n6qdydwa9u22shpxqzp0t8m/P26/rgb_frames/P26_109.tar
epic_kitchens,https://data.bris.ac.uk/datasets/3h91syskeag572hl6tvuovwv4d/frames_rgb_flow/rgb/train/P26/P26_11.tar
epic_kitchens,https://data.bris.ac.uk/datasets/2g1n6qdydwa9u22shpxqzp0t8m/P26/rgb_frames/P26_110.tar
epic_kitchens,https://data.bris.ac.uk/datasets/2g1n6qdydwa9u22shpxqzp0t8m/P26/rgb_frames/P26_111.tar
epic_kitchens,https://data.bris.ac.uk/datasets/2g1n6qdydwa9u22shpxqzp0t8m/P26/rgb_frames/P26_112.tar
epic_kitchens,https://data.bris.ac.uk/datasets/2g1n6qdydwa9u22shpxqzp0t8m/P26/rgb_frames/P26_113.tar
epic_kitchens,https://data.bris.ac.uk/datasets/2g1n6qdydwa9u22shpxqzp0t8m/P26/rgb_frames/P26_114.tar
epic_kitchens,https://data.bris.ac.uk/datasets/2g1n6qdydwa9u22shpxqzp0t8m/P26/rgb_frames/P26_115.tar
epic_kitchens,https://data.bris.ac.uk/datasets/2g1n6qdydwa9u22shpxqzp0t8m/P26/rgb_frames/P26_116.tar
epic_kitchens,https://data.bris.ac.uk/datasets/2g1n6qdydwa9u22shpxqzp0t8m/P26/rgb_frames/P26_117.tar
epic_kitchens,https://data.bris.ac.uk/datasets/2g1n6qdydwa9u22shpxqzp0t8m/P26/rgb_frames/P26_118.tar
epic_kitchens,https://data.bris.ac.uk/datasets/2g1n6qdydwa9u22shpxqzp0t8m/P26/rgb_frames/P26_119.tar
epic_kitchens,https://data.bris.ac.uk/datasets/3h91syskeag572hl6tvuovwv4d/frames_rgb_flow/rgb/train/P26/P26_12.tar
epic_kitchens,https://data.bris.ac.uk/datasets/2g1n6qdydwa9u22shpxqzp0t8m/P26/rgb_frames/P26_120.tar
epic_kitchens,https://data.bris.ac.uk/datasets/2g1n6qdydwa9u22shpxqzp0t8m/P26/rgb_frames/P26_121.tar
epic_kitchens,https://data.bris.ac.uk/datasets/2g1n6qdydwa9u22shpxqzp0t8m/P26/rgb_frames/P26_122.tar
epic_kitchens,https://data.bris.ac.uk/datasets/2g1n6qdydwa9u22shpxqzp0t8m/P26/rgb_frames/P26_123.tar
epic_kitchens,https://data.bris.ac.uk/datasets/2g1n6qdydwa9u22shpxqzp0t8m/P26/rgb_frames/P26_124.tar
epic_kitchens,https://data.bris.ac.uk/datasets/3h91syskeag572hl6tvuovwv4d/frames_rgb_flow/rgb/train/P26/P26_13.tar
epic_kitchens,https://data.bris.ac.uk/datasets/3h91syskeag572hl6tvuovwv4d/frames_rgb_flow/rgb/train/P26/P26_14.tar
epic_kitchens,https://data.bris.ac.uk/datasets/3h91syskeag572hl6tvuovwv4d/frames_rgb_flow/rgb/train/P26/P26_15.tar
epic_kitchens,https://data.bris.ac.uk/datasets/3h91syskeag572hl6tvuovwv4d/frames_rgb_flow/rgb/train/P26/P26_16.tar
epic_kitchens,https://data.bris.ac.uk/datasets/3h91syskeag572hl6tvuovwv4d/frames_rgb_flow/rgb/train/P26/P26_17.tar
epic_kitchens,https://data.bris.ac.uk/datasets/3h91syskeag572hl6tvuovwv4d/frames_rgb_flow/rgb/train/P26/P26_18.tar
epic_kitchens,https://data.bris.ac.uk/datasets/3h91syskeag572hl6tvuovwv4d/frames_rgb_flow/rgb/train/P26/P26_19.tar
epic_kitchens,https://data.bris.ac.uk/datasets/3h91syskeag572hl6tvuovwv4d/frames_rgb_flow/rgb/train/P26/P26_20.tar
epic_kitchens,https://data.bris.ac.uk/datasets/3h91syskeag572hl6tvuovwv4d/frames_rgb_flow/rgb/train/P26/P26_21.tar
epic_kitchens,https://data.bris.ac.uk/datasets/3h91syskeag572hl6tvuovwv4d/frames_rgb_flow/rgb/train/P26/P26_22.tar
epic_kitchens,https://data.bris.ac.uk/datasets/3h91syskeag572hl6tvuovwv4d/frames_rgb_flow/rgb/train/P26/P26_23.tar
epic_kitchens,https://data.bris.ac.uk/datasets/3h91syskeag572hl6tvuovwv4d/frames_rgb_flow/rgb/train/P26/P26_24.tar
epic_kitchens,https://data.bris.ac.uk/datasets/3h91syskeag572hl6tvuovwv4d/frames_rgb_flow/rgb/train/P26/P26_25.tar
epic_kitchens,https://data.bris.ac.uk/datasets/3h91syskeag572hl6tvuovwv4d/frames_rgb_flow/rgb/train/P26/P26_26.tar
epic_kitchens,https://data.bris.ac.uk/datasets/3h91syskeag572hl6tvuovwv4d/frames_rgb_flow/rgb/train/P26/P26_27.tar
epic_kitchens,https://data.bris.ac.uk/datasets/3h91syskeag572hl6tvuovwv4d/frames_rgb_flow/rgb/train/P26/P26_28.tar
epic_kitchens,https://data.bris.ac.uk/datasets/3h91syskeag572hl6tvuovwv4d/frames_rgb_flow/rgb/train/P26/P26_29.tar
epic_kitchens,https://data.bris.ac.uk/datasets/3h91syskeag572hl6tvuovwv4d/frames_rgb_flow/rgb/test/P26/P26_30.tar
epic_kitchens,https://data.bris.ac.uk/datasets/3h91syskeag572hl6tvuovwv4d/frames_rgb_flow/rgb/test/P26/P26_31.tar
epic_kitchens,https://data.bris.ac.uk/datasets/3h91syskeag572hl6tvuovwv4d/frames_rgb_flow/rgb/test/P26/P26_32.tar
epic_kitchens,https://data.bris.ac.uk/datasets/3h91syskeag572hl6tvuovwv4d/frames_rgb_flow/rgb/test/P26/P26_33.tar
epic_kitchens,https://data.bris.ac.uk/datasets/3h91syskeag572hl6tvuovwv4d/frames_rgb_flow/rgb/test/P26/P26_34.tar
epic_kitchens,https://data.bris.ac.uk/datasets/3h91syskeag572hl6tvuovwv4d/frames_rgb_flow/rgb/test/P26/P26_35.tar
epic_kitchens,https://data.bris.ac.uk/datasets/3h91syskeag572hl6tvuovwv4d/frames_rgb_flow/rgb/test/P26/P26_36.tar
epic_kitchens,https://data.bris.ac.uk/datasets/3h91syskeag572hl6tvuovwv4d/frames_rgb_flow/rgb/test/P26/P26_37.tar
epic_kitchens,https://data.bris.ac.uk/datasets/3h91syskeag572hl6tvuovwv4d/frames_rgb_flow/rgb/test/P26/P26_38.tar
epic_kitchens,https://data.bris.ac.uk/datasets/3h91syskeag572hl6tvuovwv4d/frames_rgb_flow/rgb/test/P26/P26_39.tar
epic_kitchens,https://data.bris.ac.uk/datasets/3h91syskeag572hl6tvuovwv4d/frames_rgb_flow/rgb/test/P26/P26_40.tar
epic_kitchens,https://data.bris.ac.uk/datasets/3h91syskeag572hl6tvuovwv4d/frames_rgb_flow/rgb/test/P26/P26_41.tar
epic_kitchens,https://data.bris.ac.uk/datasets/3h91syskeag572hl6tvuovwv4d/frames_rgb_flow/rgb/train/P27/P27_01.tar
epic_kitchens,https://data.bris.ac.uk/datasets/3h91syskeag572hl6tvuovwv4d/frames_rgb_flow/rgb/train/P27/P27_02.tar
epic_kitchens,https://data.bris.ac.uk/datasets/3h91syskeag572hl6tvuovwv4d/frames_rgb_flow/rgb/train/P27/P27_03.tar
epic_kitchens,https://data.bris.ac.uk/datasets/3h91syskeag572hl6tvuovwv4d/frames_rgb_flow/rgb/train/P27/P27_04.tar
epic_kitchens,https://data.bris.ac.uk/datasets/3h91syskeag572hl6tvuovwv4d/frames_rgb_flow/rgb/test/P27/P27_05.tar
epic_kitchens,https://data.bris.ac.uk/datasets/3h91syskeag572hl6tvuovwv4d/frames_rgb_flow/rgb/train/P27/P27_06.tar
epic_kitchens,https://data.bris.ac.uk/datasets/3h91syskeag572hl6tvuovwv4d/frames_rgb_flow/rgb/train/P27/P27_07.tar
epic_kitchens,https://data.bris.ac.uk/datasets/2g1n6qdydwa9u22shpxqzp0t8m/P27/rgb_frames/P27_101.tar
epic_kitchens,https://data.bris.ac.uk/datasets/2g1n6qdydwa9u22shpxqzp0t8m/P27/rgb_frames/P27_102.tar
epic_kitchens,https://www.dropbox.com/s/c1eo70v6dokr6cf/P27_103.tar?dl=1
epic_kitchens,https://data.bris.ac.uk/datasets/2g1n6qdydwa9u22shpxqzp0t8m/P27/rgb_frames/P27_104.tar
epic_kitchens,https://data.bris.ac.uk/datasets/2g1n6qdydwa9u22shpxqzp0t8m/P27/rgb_frames/P27_105.tar
epic_kitchens,https://data.bris.ac.uk/datasets/3h91syskeag572hl6tvuovwv4d/frames_rgb_flow/rgb/train/P28/P28_01.tar
epic_kitchens,https://data.bris.ac.uk/datasets/3h91syskeag572hl6tvuovwv4d/frames_rgb_flow/rgb/train/P28/P28_02.tar
epic_kitchens,https://data.bris.ac.uk/datasets/3h91syskeag572hl6tvuovwv4d/frames_rgb_flow/rgb/train/P28/P28_03.tar
epic_kitchens,https://data.bris.ac.uk/datasets/3h91syskeag572hl6tvuovwv4d/frames_rgb_flow/rgb/train/P28/P28_04.tar
epic_kitchens,https://data.bris.ac.uk/datasets/3h91syskeag572hl6tvuovwv4d/frames_rgb_flow/rgb/train/P28/P28_05.tar
epic_kitchens,https://data.bris.ac.uk/datasets/3h91syskeag572hl6tvuovwv4d/frames_rgb_flow/rgb/train/P28/P28_06.tar
epic_kitchens,https://data.bris.ac.uk/datasets/3h91syskeag572hl6tvuovwv4d/frames_rgb_flow/rgb/train/P28/P28_07.tar
epic_kitchens,https://data.bris.ac.uk/datasets/3h91syskeag572hl6tvuovwv4d/frames_rgb_flow/rgb/train/P28/P28_08.tar
epic_kitchens,https://data.bris.ac.uk/datasets/3h91syskeag572hl6tvuovwv4d/frames_rgb_flow/rgb/train/P28/P28_09.tar
epic_kitchens,https://data.bris.ac.uk/datasets/3h91syskeag572hl6tvuovwv4d/frames_rgb_flow/rgb/train/P28/P28_10.tar
epic_kitchens,https://data.bris.ac.uk/datasets/2g1n6qdydwa9u22shpxqzp0t8m/P28/rgb_frames/P28_101.tar
epic_kitchens,https://data.bris.ac.uk/datasets/2g1n6qdydwa9u22shpxqzp0t8m/P28/rgb_frames/P28_102.tar
epic_kitchens,https://data.bris.ac.uk/datasets/2g1n6qdydwa9u22shpxqzp0t8m/P28/rgb_frames/P28_103.tar
epic_kitchens,https://data.bris.ac.uk/datasets/2g1n6qdydwa9u22shpxqzp0t8m/P28/rgb_frames/P28_104.tar
epic_kitchens,https://data.bris.ac.uk/datasets/2g1n6qdydwa9u22shpxqzp0t8m/P28/rgb_frames/P28_105.tar
epic_kitchens,https://data.bris.ac.uk/datasets/2g1n6qdydwa9u22shpxqzp0t8m/P28/rgb_frames/P28_106.tar
epic_kitchens,https://data.bris.ac.uk/datasets/2g1n6qdydwa9u22shpxqzp0t8m/P28/rgb_frames/P28_107.tar
epic_kitchens,https://data.bris.ac.uk/datasets/2g1n6qdydwa9u22shpxqzp0t8m/P28/rgb_frames/P28_108.tar
epic_kitchens,https://data.bris.ac.uk/datasets/2g1n6qdydwa9u22shpxqzp0t8m/P28/rgb_frames/P28_109.tar
epic_kitchens,https://data.bris.ac.uk/datasets/3h91syskeag572hl6tvuovwv4d/frames_rgb_flow/rgb/train/P28/P28_11.tar
epic_kitchens,https://data.bris.ac.uk/datasets/2g1n6qdydwa9u22shpxqzp0t8m/P28/rgb_frames/P28_110.tar
epic_kitchens,https://data.bris.ac.uk/datasets/2g1n6qdydwa9u22shpxqzp0t8m/P28/rgb_frames/P28_111.tar
epic_kitchens,https://data.bris.ac.uk/datasets/2g1n6qdydwa9u22shpxqzp0t8m/P28/rgb_frames/P28_112.tar
epic_kitchens,https://data.bris.ac.uk/datasets/2g1n6qdydwa9u22shpxqzp0t8m/P28/rgb_frames/P28_113.tar
epic_kitchens,https://data.bris.ac.uk/datasets/2g1n6qdydwa9u22shpxqzp0t8m/P28/rgb_frames/P28_114.tar
epic_kitchens,https://data.bris.ac.uk/datasets/2g1n6qdydwa9u22shpxqzp0t8m/P28/rgb_frames/P28_115.tar
epic_kitchens,https://data.bris.ac.uk/datasets/2g1n6qdydwa9u22shpxqzp0t8m/P28/rgb_frames/P28_116.tar
epic_kitchens,https://data.bris.ac.uk/datasets/2g1n6qdydwa9u22shpxqzp0t8m/P28/rgb_frames/P28_117.tar
epic_kitchens,https://data.bris.ac.uk/datasets/2g1n6qdydwa9u22shpxqzp0t8m/P28/rgb_frames/P28_118.tar
epic_kitchens,https://data.bris.ac.uk/datasets/3h91syskeag572hl6tvuovwv4d/frames_rgb_flow/rgb/train/P28/P28_12.tar
epic_kitchens,https://data.bris.ac.uk/datasets/3h91syskeag572hl6tvuovwv4d/frames_rgb_flow/rgb/train/P28/P28_13.tar
epic_kitchens,https://data.bris.ac.uk/datasets/3h91syskeag572hl6tvuovwv4d/frames_rgb_flow/rgb/train/P28/P28_14.tar
epic_kitchens,https://data.bris.ac.uk/datasets/3h91syskeag572hl6tvuovwv4d/frames_rgb_flow/rgb/test/P28/P28_15.tar
epic_kitchens,https://data.bris.ac.uk/datasets/3h91syskeag572hl6tvuovwv4d/frames_rgb_flow/rgb/test/P28/P28_16.tar
epic_kitchens,https://data.bris.ac.uk/datasets/3h91syskeag572hl6tvuovwv4d/frames_rgb_flow/rgb/test/P28/P28_17.tar
epic_kitchens,https://data.bris.ac.uk/datasets/3h91syskeag572hl6tvuovwv4d/frames_rgb_flow/rgb/test/P28/P28_18.tar
epic_kitchens,https://data.bris.ac.uk/datasets/3h91syskeag572hl6tvuovwv4d/frames_rgb_flow/rgb/test/P28/P28_19.tar
epic_kitchens,https://data.bris.ac.uk/datasets/3h91syskeag572hl6tvuovwv4d/frames_rgb_flow/rgb/test/P28/P28_20.tar
epic_kitchens,https://data.bris.ac.uk/datasets/3h91syskeag572hl6tvuovwv4d/frames_rgb_flow/rgb/test/P28/P28_21.tar
epic_kitchens,https://data.bris.ac.uk/datasets/3h91syskeag572hl6tvuovwv4d/frames_rgb_flow/rgb/test/P28/P28_22.tar
epic_kitchens,https://data.bris.ac.uk/datasets/3h91syskeag572hl6tvuovwv4d/frames_rgb_flow/rgb/test/P28/P28_23.tar
epic_kitchens,https://data.bris.ac.uk/datasets/3h91syskeag572hl6tvuovwv4d/frames_rgb_flow/rgb/test/P28/P28_24.tar
epic_kitchens,https://data.bris.ac.uk/datasets/3h91syskeag572hl6tvuovwv4d/frames_rgb_flow/rgb/test/P28/P28_25.tar
epic_kitchens,https://data.bris.ac.uk/datasets/3h91syskeag572hl6tvuovwv4d/frames_rgb_flow/rgb/test/P28/P28_26.tar
epic_kitchens,https://data.bris.ac.uk/datasets/3h91syskeag572hl6tvuovwv4d/frames_rgb_flow/rgb/train/P29/P29_01.tar
epic_kitchens,https://data.bris.ac.uk/datasets/3h91syskeag572hl6tvuovwv4d/frames_rgb_flow/rgb/train/P29/P29_02.tar
epic_kitchens,https://data.bris.ac.uk/datasets/3h91syskeag572hl6tvuovwv4d/frames_rgb_flow/rgb/train/P29/P29_03.tar
epic_kitchens,https://data.bris.ac.uk/datasets/3h91syskeag572hl6tvuovwv4d/frames_rgb_flow/rgb/train/P29/P29_04.tar
epic_kitchens,https://data.bris.ac.uk/datasets/3h91syskeag572hl6tvuovwv4d/frames_rgb_flow/rgb/test/P29/P29_05.tar
epic_kitchens,https://data.bris.ac.uk/datasets/3h91syskeag572hl6tvuovwv4d/frames_rgb_flow/rgb/test/P29/P29_06.tar
epic_kitchens,https://data.bris.ac.uk/datasets/3h91syskeag572hl6tvuovwv4d/frames_rgb_flow/rgb/train/P30/P30_01.tar
epic_kitchens,https://data.bris.ac.uk/datasets/3h91syskeag572hl6tvuovwv4d/frames_rgb_flow/rgb/train/P30/P30_02.tar
epic_kitchens,https://data.bris.ac.uk/datasets/3h91syskeag572hl6tvuovwv4d/frames_rgb_flow/rgb/train/P30/P30_03.tar
epic_kitchens,https://data.bris.ac.uk/datasets/3h91syskeag572hl6tvuovwv4d/frames_rgb_flow/rgb/train/P30/P30_04.tar
epic_kitchens,https://data.bris.ac.uk/datasets/3h91syskeag572hl6tvuovwv4d/frames_rgb_flow/rgb/train/P30/P30_05.tar
epic_kitchens,https://data.bris.ac.uk/datasets/3h91syskeag572hl6tvuovwv4d/frames_rgb_flow/rgb/train/P30/P30_06.tar
epic_kitchens,https://data.bris.ac.uk/datasets/3h91syskeag572hl6tvuovwv4d/frames_rgb_flow/rgb/test/P30/P30_07.tar
epic_kitchens,https://data.bris.ac.uk/datasets/3h91syskeag572hl6tvuovwv4d/frames_rgb_flow/rgb/test/P30/P30_08.tar
epic_kitchens,https://data.bris.ac.uk/datasets/3h91syskeag572hl6tvuovwv4d/frames_rgb_flow/rgb/test/P30/P30_09.tar
epic_kitchens,https://data.bris.ac.uk/datasets/3h91syskeag572hl6tvuovwv4d/frames_rgb_flow/rgb/train/P30/P30_10.tar
epic_kitchens,https://data.bris.ac.uk/datasets/2g1n6qdydwa9u22shpxqzp0t8m/P30/rgb_frames/P30_101.tar
epic_kitchens,https://data.bris.ac.uk/datasets/2g1n6qdydwa9u22shpxqzp0t8m/P30/rgb_frames/P30_102.tar
epic_kitchens,https://data.bris.ac.uk/datasets/2g1n6qdydwa9u22shpxqzp0t8m/P30/rgb_frames/P30_103.tar
epic_kitchens,https://data.bris.ac.uk/datasets/2g1n6qdydwa9u22shpxqzp0t8m/P30/rgb_frames/P30_104.tar
epic_kitchens,https://data.bris.ac.uk/datasets/2g1n6qdydwa9u22shpxqzp0t8m/P30/rgb_frames/P30_105.tar
epic_kitchens,https://data.bris.ac.uk/datasets/2g1n6qdydwa9u22shpxqzp0t8m/P30/rgb_frames/P30_106.tar
epic_kitchens,https://data.bris.ac.uk/datasets/2g1n6qdydwa9u22shpxqzp0t8m/P30/rgb_frames/P30_107.tar
epic_kitchens,https://data.bris.ac.uk/datasets/2g1n6qdydwa9u22shpxqzp0t8m/P30/rgb_frames/P30_108.tar
epic_kitchens,https://data.bris.ac.uk/datasets/2g1n6qdydwa9u22shpxqzp0t8m/P30/rgb_frames/P30_109.tar
epic_kitchens,https://data.bris.ac.uk/datasets/3h91syskeag572hl6tvuovwv4d/frames_rgb_flow/rgb/train/P30/P30_11.tar
epic_kitchens,https://data.bris.ac.uk/datasets/2g1n6qdydwa9u22shpxqzp0t8m/P30/rgb_frames/P30_110.tar
epic_kitchens,https://data.bris.ac.uk/datasets/2g1n6qdydwa9u22shpxqzp0t8m/P30/rgb_frames/P30_111.tar
epic_kitchens,https://data.bris.ac.uk/datasets/2g1n6qdydwa9u22shpxqzp0t8m/P30/rgb_frames/P30_112.tar
epic_kitchens,https://data.bris.ac.uk/datasets/2g1n6qdydwa9u22shpxqzp0t8m/P30/rgb_frames/P30_113.tar
epic_kitchens,https://data.bris.ac.uk/datasets/2g1n6qdydwa9u22shpxqzp0t8m/P30/rgb_frames/P30_114.tar
epic_kitchens,https://data.bris.ac.uk/datasets/3h91syskeag572hl6tvuovwv4d/frames_rgb_flow/rgb/train/P31/P31_01.tar
epic_kitchens,https://data.bris.ac.uk/datasets/3h91syskeag572hl6tvuovwv4d/frames_rgb_flow/rgb/train/P31/P31_02.tar
epic_kitchens,https://data.bris.ac.uk/datasets/3h91syskeag572hl6tvuovwv4d/frames_rgb_flow/rgb/train/P31/P31_03.tar
epic_kitchens,https://data.bris.ac.uk/datasets/3h91syskeag572hl6tvuovwv4d/frames_rgb_flow/rgb/train/P31/P31_04.tar
epic_kitchens,https://data.bris.ac.uk/datasets/3h91syskeag572hl6tvuovwv4d/frames_rgb_flow/rgb/train/P31/P31_05.tar
epic_kitchens,https://data.bris.ac.uk/datasets/3h91syskeag572hl6tvuovwv4d/frames_rgb_flow/rgb/train/P31/P31_06.tar
epic_kitchens,https://data.bris.ac.uk/datasets/3h91syskeag572hl6tvuovwv4d/frames_rgb_flow/rgb/train/P31/P31_07.tar
epic_kitchens,https://data.bris.ac.uk/datasets/3h91syskeag572hl6tvuovwv4d/frames_rgb_flow/rgb/train/P31/P31_08.tar
epic_kitchens,https://data.bris.ac.uk/datasets/3h91syskeag572hl6tvuovwv4d/frames_rgb_flow/rgb/train/P31/P31_09.tar
epic_kitchens,https://data.bris.ac.uk/datasets/3h91syskeag572hl6tvuovwv4d/frames_rgb_flow/rgb/test/P31/P31_10.tar
epic_kitchens,https://data.bris.ac.uk/datasets/3h91syskeag572hl6tvuovwv4d/frames_rgb_flow/rgb/test/P31/P31_11.tar
epic_kitchens,https://data.bris.ac.uk/datasets/3h91syskeag572hl6tvuovwv4d/frames_rgb_flow/rgb/test/P31/P31_12.tar
epic_kitchens,https://data.bris.ac.uk/datasets/3h91syskeag572hl6tvuovwv4d/frames_rgb_flow/rgb/train/P31/P31_13.tar
epic_kitchens,https://data.bris.ac.uk/datasets/3h91syskeag572hl6tvuovwv4d/frames_rgb_flow/rgb/train/P31/P31_14.tar
epic_kitchens,https://data.bris.ac.uk/datasets/3h91syskeag572hl6tvuovwv4d/frames_rgb_flow/rgb/test/P32/P32_01.tar
epic_kitchens,https://data.bris.ac.uk/datasets/3h91syskeag572hl6tvuovwv4d/frames_rgb_flow/rgb/test/P32/P32_02.tar
epic_kitchens,https://data.bris.ac.uk/datasets/3h91syskeag572hl6tvuovwv4d/frames_rgb_flow/rgb/test/P32/P32_03.tar
epic_kitchens,https://data.bris.ac.uk/datasets/3h91syskeag572hl6tvuovwv4d/frames_rgb_flow/rgb/test/P32/P32_04.tar
epic_kitchens,https://data.bris.ac.uk/datasets/3h91syskeag572hl6tvuovwv4d/frames_rgb_flow/rgb/test/P32/P32_05.tar
epic_kitchens,https://data.bris.ac.uk/datasets/3h91syskeag572hl6tvuovwv4d/frames_rgb_flow/rgb/test/P32/P32_06.tar
epic_kitchens,https://data.bris.ac.uk/datasets/3h91syskeag572hl6tvuovwv4d/frames_rgb_flow/rgb/test/P32/P32_07.tar
epic_kitchens,https://data.bris.ac.uk/datasets/3h91syskeag572hl6tvuovwv4d/frames_rgb_flow/rgb/test/P32/P32_08.tar
epic_kitchens,https://data.bris.ac.uk/datasets/3h91syskeag572hl6tvuovwv4d/frames_rgb_flow/rgb/test/P32/P32_09.tar
epic_kitchens,https://data.bris.ac.uk/datasets/3h91syskeag572hl6tvuovwv4d/frames_rgb_flow/rgb/test/P32/P32_10.tar
epic_kitchens,https://data.bris.ac.uk/datasets/2g1n6qdydwa9u22shpxqzp0t8m/P33/rgb_frames/P33_101.tar
epic_kitchens,https://data.bris.ac.uk/datasets/2g1n6qdydwa9u22shpxqzp0t8m/P33/rgb_frames/P33_102.tar
epic_kitchens,https://data.bris.ac.uk/datasets/2g1n6qdydwa9u22shpxqzp0t8m/P33/rgb_frames/P33_103.tar
epic_kitchens,https://data.bris.ac.uk/datasets/2g1n6qdydwa9u22shpxqzp0t8m/P33/rgb_frames/P33_104.tar
epic_kitchens,https://data.bris.ac.uk/datasets/2g1n6qdydwa9u22shpxqzp0t8m/P33/rgb_frames/P33_105.tar
epic_kitchens,https://data.bris.ac.uk/datasets/2g1n6qdydwa9u22shpxqzp0t8m/P33/rgb_frames/P33_106.tar
epic_kitchens,https://data.bris.ac.uk/datasets/2g1n6qdydwa9u22shpxqzp0t8m/P33/rgb_frames/P33_107.tar
epic_kitchens,https://data.bris.ac.uk/datasets/2g1n6qdydwa9u22shpxqzp0t8m/P33/rgb_frames/P33_108.tar
epic_kitchens,https://data.bris.ac.uk/datasets/2g1n6qdydwa9u22shpxqzp0t8m/P33/rgb_frames/P33_109.tar
epic_kitchens,https://data.bris.ac.uk/datasets/2g1n6qdydwa9u22shpxqzp0t8m/P33/rgb_frames/P33_110.tar
epic_kitchens,https://data.bris.ac.uk/datasets/2g1n6qdydwa9u22shpxqzp0t8m/P33/rgb_frames/P33_111.tar
epic_kitchens,https://data.bris.ac.uk/datasets/2g1n6qdydwa9u22shpxqzp0t8m/P34/rgb_frames/P34_101.tar
epic_kitchens,https://data.bris.ac.uk/datasets/2g1n6qdydwa9u22shpxqzp0t8m/P34/rgb_frames/P34_102.tar
epic_kitchens,https://data.bris.ac.uk/datasets/2g1n6qdydwa9u22shpxqzp0t8m/P34/rgb_frames/P34_103.tar
epic_kitchens,https://data.bris.ac.uk/datasets/2g1n6qdydwa9u22shpxqzp0t8m/P34/rgb_frames/P34_104.tar
epic_kitchens,https://data.bris.ac.uk/datasets/2g1n6qdydwa9u22shpxqzp0t8m/P34/rgb_frames/P34_105.tar
epic_kitchens,https://data.bris.ac.uk/datasets/2g1n6qdydwa9u22shpxqzp0t8m/P34/rgb_frames/P34_106.tar
epic_kitchens,https://data.bris.ac.uk/datasets/2g1n6qdydwa9u22shpxqzp0t8m/P34/rgb_frames/P34_107.tar
epic_kitchens,https://data.bris.ac.uk/datasets/2g1n6qdydwa9u22shpxqzp0t8m/P34/rgb_frames/P34_108.tar
epic_kitchens,https://data.bris.ac.uk/datasets/2g1n6qdydwa9u22shpxqzp0t8m/P34/rgb_frames/P34_109.tar
epic_kitchens,https://data.bris.ac.uk/datasets/2g1n6qdydwa9u22shpxqzp0t8m/P34/rgb_frames/P34_110.tar
epic_kitchens,https://data.bris.ac.uk/datasets/2g1n6qdydwa9u22shpxqzp0t8m/P34/rgb_frames/P34_111.tar
epic_kitchens,https://data.bris.ac.uk/datasets/2g1n6qdydwa9u22shpxqzp0t8m/P34/rgb_frames/P34_112.tar
epic_kitchens,https://data.bris.ac.uk/datasets/2g1n6qdydwa9u22shpxqzp0t8m/P34/rgb_frames/P34_113.tar
epic_kitchens,https://data.bris.ac.uk/datasets/2g1n6qdydwa9u22shpxqzp0t8m/P35/rgb_frames/P35_101.tar
epic_kitchens,https://data.bris.ac.uk/datasets/2g1n6qdydwa9u22shpxqzp0t8m/P35/rgb_frames/P35_102.tar
epic_kitchens,https://data.bris.ac.uk/datasets/2g1n6qdydwa9u22shpxqzp0t8m/P35/rgb_frames/P35_103.tar
epic_kitchens,https://data.bris.ac.uk/datasets/2g1n6qdydwa9u22shpxqzp0t8m/P35/rgb_frames/P35_104.tar
epic_kitchens,https://data.bris.ac.uk/datasets/2g1n6qdydwa9u22shpxqzp0t8m/P35/rgb_frames/P35_105.tar
epic_kitchens,https://data.bris.ac.uk/datasets/2g1n6qdydwa9u22shpxqzp0t8m/P35/rgb_frames/P35_106.tar
epic_kitchens,https://data.bris.ac.uk/datasets/2g1n6qdydwa9u22shpxqzp0t8m/P35/rgb_frames/P35_107.tar
epic_kitchens,https://data.bris.ac.uk/datasets/2g1n6qdydwa9u22shpxqzp0t8m/P35/rgb_frames/P35_108.tar
epic_kitchens,https://data.bris.ac.uk/datasets/2g1n6qdydwa9u22shpxqzp0t8m/P35/rgb_frames/P35_109.tar
epic_kitchens,https://data.bris.ac.uk/datasets/2g1n6qdydwa9u22shpxqzp0t8m/P36/rgb_frames/P36_101.tar
epic_kitchens,https://data.bris.ac.uk/datasets/2g1n6qdydwa9u22shpxqzp0t8m/P36/rgb_frames/P36_102.tar
epic_kitchens,https://data.bris.ac.uk/datasets/2g1n6qdydwa9u22shpxqzp0t8m/P37/rgb_frames/P37_101.tar
epic_kitchens,https://data.bris.ac.uk/datasets/2g1n6qdydwa9u22shpxqzp0t8m/P37/rgb_frames/P37_102.tar
epic_kitchens,https://data.bris.ac.uk/datasets/2g1n6qdydwa9u22shpxqzp0t8m/P37/rgb_frames/P37_103.tar
epic_kitchens,https://raw.githubusercontent.com/epic-kitchens/epic-kitchens-100-annotations/master/EPIC_100_train.csv
epic_kitchens,https://raw.githubusercontent.com/epic-kitchens/epic-kitchens-100-annotations/master/EPIC_100_validation.csv
epic_kitchens,https://raw.githubusercontent.com/epic-kitchens/epic-kitchens-100-annotations/master/EPIC_100_video_info.csv
alfred,https://ai2-vision-alfred.s3-us-west-2.amazonaws.com/json_2.1.0.7z
alfred,https://ai2-vision-alfred.s3-us-west-2.amazonaws.com/full_2.1.0.7z
teach,s3://teach-dataset/all_games.tar.gz
teach,s3://teach-dataset/edh_instances.tar.gz
teach,s3://teach-dataset/experiment_games.tar.gz
teach,s3://teach-dataset/images_and_states.tar.gz
vqa_v2,https://s3.amazonaws.com/cvmlp/vqa/mscoco/vqa/v2_Questions_Train_mscoco.zip
vqa_v2,https://s3.amazonaws.com/cvmlp/vqa/mscoco/vqa/v2_Annotations_Train_mscoco.zip
vqa_v2,https://s3.amazonaws.com/cvmlp/vqa/mscoco/vqa/v2_Questions_Val_mscoco.zip
vqa_v2,https://s3.amazonaws.com/cvmlp/vqa/mscoco/vqa/v2_Annotations_Val_mscoco.zip
vqa_v2,https://s3.amazonaws.com/cvmlp/vqa/mscoco/vqa/v2_Questions_Test_mscoco.zip
ego4d,s3://emma-simbot/datasets/ego4d/v1/annotations/
refcoco, https://bvisionweb1.cs.unc.edu/licheng/referit/data/refcocog.zip
